{"schedules":[{"arriveTime":{"day":15,"hour":17,"minute":29},"nameShip":"AA","cargo":{"typeCargo":"LOOSE","weight":40483},"unloadDuration":{"day":0,"hour":10,"minute":22}},{"arriveTime":{"day":5,"hour":13,"minute":19},"nameShip":"XMA","cargo":{"typeCargo":"LOOSE","weight":49051},"unloadDuration":{"day":0,"hour":12,"minute":34}},{"arriveTime":{"day":25,"hour":14,"minute":3},"nameShip":"XI","cargo":{"typeCargo":"CONTAINER","weight":4607},"unloadDuration":{"day":0,"hour":0,"minute":46}},{"arriveTime":{"day":19,"hour":3,"minute":47},"nameShip":"DHA","cargo":{"typeCargo":"LOOSE","weight":48595},"unloadDuration":{"day":0,"hour":12,"minute":27}},{"arriveTime":{"day":18,"hour":16,"minute":31},"nameShip":"PJXF","cargo":{"typeCargo":"LOOSE","weight":48372},"unloadDuration":{"day":0,"hour":12,"minute":24}},{"arriveTime":{"day":5,"hour":17,"minute":46},"nameShip":"SI","cargo":{"typeCargo":"LIQUID","weight":68745},"unloadDuration":{"day":0,"hour":14,"minute":41}},{"arriveTime":{"day":15,"hour":12,"minute":40},"nameShip":"TRUZ","cargo":{"typeCargo":"CONTAINER","weight":2610},"unloadDuration":{"day":0,"hour":0,"minute":26}},{"arriveTime":{"day":29,"hour":2,"minute":9},"nameShip":"KZU","cargo":{"typeCargo":"LOOSE","weight":59451},"unloadDuration":{"day":0,"hour":15,"minute":14}},{"arriveTime":{"day":24,"hour":16,"minute":32},"nameShip":"SK","cargo":{"typeCargo":"LOOSE","weight":43529},"unloadDuration":{"day":0,"hour":11,"minute":9}},{"arriveTime":{"day":13,"hour":12,"minute":6},"nameShip":"OH","cargo":{"typeCargo":"LIQUID","weight":69258},"unloadDuration":{"day":0,"hour":14,"minute":47}},{"arriveTime":{"day":2,"hour":22,"minute":28},"nameShip":"IW","cargo":{"typeCargo":"LOOSE","weight":48059},"unloadDuration":{"day":0,"hour":12,"minute":19}},{"arriveTime":{"day":20,"hour":21,"minute":55},"nameShip":"DMVH","cargo":{"typeCargo":"LOOSE","weight":50398},"unloadDuration":{"day":0,"hour":12,"minute":55}},{"arriveTime":{"day":6,"hour":11,"minute":44},"nameShip":"EH","cargo":{"typeCargo":"CONTAINER","weight":3691},"unloadDuration":{"day":0,"hour":0,"minute":37}},{"arriveTime":{"day":10,"hour":20,"minute":22},"nameShip":"QFJY","cargo":{"typeCargo":"CONTAINER","weight":2520},"unloadDuration":{"day":0,"hour":0,"minute":25}},{"arriveTime":{"day":22,"hour":13,"minute":33},"nameShip":"FVL","cargo":{"typeCargo":"LOOSE","weight":47350},"unloadDuration":{"day":0,"hour":12,"minute":8}},{"arriveTime":{"day":6,"hour":23,"minute":10},"nameShip":"DL","cargo":{"typeCargo":"LIQUID","weight":64053},"unloadDuration":{"day":0,"hour":13,"minute":41}},{"arriveTime":{"day":8,"hour":23,"minute":40},"nameShip":"GE","cargo":{"typeCargo":"LIQUID","weight":54610},"unloadDuration":{"day":0,"hour":11,"minute":40}},{"arriveTime":{"day":24,"hour":10,"minute":0},"nameShip":"SNB","cargo":{"typeCargo":"LOOSE","weight":58398},"unloadDuration":{"day":0,"hour":14,"minute":58}},{"arriveTime":{"day":6,"hour":18,"minute":45},"nameShip":"AZZ","cargo":{"typeCargo":"LOOSE","weight":53493},"unloadDuration":{"day":0,"hour":13,"minute":42}},{"arriveTime":{"day":18,"hour":22,"minute":43},"nameShip":"IR","cargo":{"typeCargo":"LOOSE","weight":53462},"unloadDuration":{"day":0,"hour":13,"minute":42}},{"arriveTime":{"day":3,"hour":7,"minute":12},"nameShip":"IUU","cargo":{"typeCargo":"LOOSE","weight":56684},"unloadDuration":{"day":0,"hour":14,"minute":32}},{"arriveTime":{"day":2,"hour":0,"minute":42},"nameShip":"LHON","cargo":{"typeCargo":"LIQUID","weight":55330},"unloadDuration":{"day":0,"hour":11,"minute":49}},{"arriveTime":{"day":21,"hour":2,"minute":30},"nameShip":"UVP","cargo":{"typeCargo":"LIQUID","weight":62237},"unloadDuration":{"day":0,"hour":13,"minute":17}},{"arriveTime":{"day":26,"hour":16,"minute":48},"nameShip":"KW","cargo":{"typeCargo":"LOOSE","weight":52275},"unloadDuration":{"day":0,"hour":13,"minute":24}},{"arriveTime":{"day":24,"hour":18,"minute":56},"nameShip":"RKRE","cargo":{"typeCargo":"LIQUID","weight":66370},"unloadDuration":{"day":0,"hour":14,"minute":10}},{"arriveTime":{"day":21,"hour":8,"minute":42},"nameShip":"IP","cargo":{"typeCargo":"LIQUID","weight":69887},"unloadDuration":{"day":0,"hour":14,"minute":55}},{"arriveTime":{"day":14,"hour":18,"minute":53},"nameShip":"MIR","cargo":{"typeCargo":"LIQUID","weight":64768},"unloadDuration":{"day":0,"hour":13,"minute":50}},{"arriveTime":{"day":24,"hour":17,"minute":53},"nameShip":"WG","cargo":{"typeCargo":"LOOSE","weight":51287},"unloadDuration":{"day":0,"hour":13,"minute":9}},{"arriveTime":{"day":25,"hour":0,"minute":54},"nameShip":"XFA","cargo":{"typeCargo":"LOOSE","weight":46551},"unloadDuration":{"day":0,"hour":11,"minute":56}},{"arriveTime":{"day":27,"hour":17,"minute":34},"nameShip":"JN","cargo":{"typeCargo":"LIQUID","weight":55805},"unloadDuration":{"day":0,"hour":11,"minute":55}},{"arriveTime":{"day":6,"hour":23,"minute":46},"nameShip":"DPKE","cargo":{"typeCargo":"CONTAINER","weight":5819},"unloadDuration":{"day":0,"hour":0,"minute":58}},{"arriveTime":{"day":4,"hour":16,"minute":21},"nameShip":"TUMX","cargo":{"typeCargo":"LOOSE","weight":43845},"unloadDuration":{"day":0,"hour":11,"minute":14}},{"arriveTime":{"day":21,"hour":22,"minute":33},"nameShip":"RL","cargo":{"typeCargo":"CONTAINER","weight":2121},"unloadDuration":{"day":0,"hour":0,"minute":21}},{"arriveTime":{"day":0,"hour":19,"minute":30},"nameShip":"PU","cargo":{"typeCargo":"LIQUID","weight":54124},"unloadDuration":{"day":0,"hour":11,"minute":33}},{"arriveTime":{"day":2,"hour":19,"minute":40},"nameShip":"YGB","cargo":{"typeCargo":"LIQUID","weight":67715},"unloadDuration":{"day":0,"hour":14,"minute":28}},{"arriveTime":{"day":11,"hour":8,"minute":13},"nameShip":"VDRV","cargo":{"typeCargo":"LIQUID","weight":68169},"unloadDuration":{"day":0,"hour":14,"minute":33}},{"arriveTime":{"day":3,"hour":3,"minute":45},"nameShip":"HZ","cargo":{"typeCargo":"CONTAINER","weight":2689},"unloadDuration":{"day":0,"hour":0,"minute":27}},{"arriveTime":{"day":8,"hour":2,"minute":26},"nameShip":"DFT","cargo":{"typeCargo":"CONTAINER","weight":2654},"unloadDuration":{"day":0,"hour":0,"minute":26}},{"arriveTime":{"day":18,"hour":8,"minute":40},"nameShip":"JYF","cargo":{"typeCargo":"LIQUID","weight":67120},"unloadDuration":{"day":0,"hour":14,"minute":20}},{"arriveTime":{"day":25,"hour":12,"minute":18},"nameShip":"TA","cargo":{"typeCargo":"LIQUID","weight":53178},"unloadDuration":{"day":0,"hour":11,"minute":21}},{"arriveTime":{"day":27,"hour":19,"minute":56},"nameShip":"VQ","cargo":{"typeCargo":"CONTAINER","weight":4172},"unloadDuration":{"day":0,"hour":0,"minute":42}},{"arriveTime":{"day":10,"hour":10,"minute":10},"nameShip":"GTQY","cargo":{"typeCargo":"LIQUID","weight":61291},"unloadDuration":{"day":0,"hour":13,"minute":5}},{"arriveTime":{"day":25,"hour":13,"minute":29},"nameShip":"TE","cargo":{"typeCargo":"CONTAINER","weight":4270},"unloadDuration":{"day":0,"hour":0,"minute":43}},{"arriveTime":{"day":25,"hour":17,"minute":15},"nameShip":"NVI","cargo":{"typeCargo":"LIQUID","weight":66236},"unloadDuration":{"day":0,"hour":14,"minute":9}},{"arriveTime":{"day":21,"hour":9,"minute":57},"nameShip":"IEZO","cargo":{"typeCargo":"LOOSE","weight":51968},"unloadDuration":{"day":0,"hour":13,"minute":19}},{"arriveTime":{"day":8,"hour":4,"minute":55},"nameShip":"PZ","cargo":{"typeCargo":"LIQUID","weight":68121},"unloadDuration":{"day":0,"hour":14,"minute":33}},{"arriveTime":{"day":15,"hour":13,"minute":34},"nameShip":"GSY","cargo":{"typeCargo":"LOOSE","weight":56438},"unloadDuration":{"day":0,"hour":14,"minute":28}},{"arriveTime":{"day":4,"hour":0,"minute":1},"nameShip":"LTVS","cargo":{"typeCargo":"LOOSE","weight":45994},"unloadDuration":{"day":0,"hour":11,"minute":47}},{"arriveTime":{"day":25,"hour":21,"minute":40},"nameShip":"RBHB","cargo":{"typeCargo":"CONTAINER","weight":3158},"unloadDuration":{"day":0,"hour":0,"minute":31}},{"arriveTime":{"day":9,"hour":23,"minute":33},"nameShip":"UW","cargo":{"typeCargo":"LOOSE","weight":44750},"unloadDuration":{"day":0,"hour":11,"minute":28}},{"arriveTime":{"day":0,"hour":10,"minute":18},"nameShip":"CHJ","cargo":{"typeCargo":"LIQUID","weight":55480},"unloadDuration":{"day":0,"hour":11,"minute":51}},{"arriveTime":{"day":9,"hour":2,"minute":26},"nameShip":"TVJQ","cargo":{"typeCargo":"LOOSE","weight":51604},"unloadDuration":{"day":0,"hour":13,"minute":13}},{"arriveTime":{"day":22,"hour":20,"minute":16},"nameShip":"RCUU","cargo":{"typeCargo":"CONTAINER","weight":3473},"unloadDuration":{"day":0,"hour":0,"minute":35}},{"arriveTime":{"day":11,"hour":18,"minute":10},"nameShip":"LIG","cargo":{"typeCargo":"LIQUID","weight":58151},"unloadDuration":{"day":0,"hour":12,"minute":25}},{"arriveTime":{"day":24,"hour":12,"minute":0},"nameShip":"TVAQ","cargo":{"typeCargo":"LIQUID","weight":54987},"unloadDuration":{"day":0,"hour":11,"minute":44}},{"arriveTime":{"day":11,"hour":11,"minute":55},"nameShip":"DHJM","cargo":{"typeCargo":"CONTAINER","weight":2116},"unloadDuration":{"day":0,"hour":0,"minute":21}},{"arriveTime":{"day":14,"hour":18,"minute":30},"nameShip":"UTE","cargo":{"typeCargo":"LOOSE","weight":41309},"unloadDuration":{"day":0,"hour":10,"minute":35}},{"arriveTime":{"day":8,"hour":20,"minute":57},"nameShip":"GWUV","cargo":{"typeCargo":"LOOSE","weight":46035},"unloadDuration":{"day":0,"hour":11,"minute":48}},{"arriveTime":{"day":22,"hour":2,"minute":37},"nameShip":"KE","cargo":{"typeCargo":"LIQUID","weight":52266},"unloadDuration":{"day":0,"hour":11,"minute":10}},{"arriveTime":{"day":1,"hour":4,"minute":56},"nameShip":"PK","cargo":{"typeCargo":"LOOSE","weight":41930},"unloadDuration":{"day":0,"hour":10,"minute":45}},{"arriveTime":{"day":11,"hour":16,"minute":8},"nameShip":"RSIY","cargo":{"typeCargo":"CONTAINER","weight":2303},"unloadDuration":{"day":0,"hour":0,"minute":23}},{"arriveTime":{"day":7,"hour":23,"minute":26},"nameShip":"KT","cargo":{"typeCargo":"CONTAINER","weight":2760},"unloadDuration":{"day":0,"hour":0,"minute":27}},{"arriveTime":{"day":11,"hour":20,"minute":37},"nameShip":"OR","cargo":{"typeCargo":"LOOSE","weight":50795},"unloadDuration":{"day":0,"hour":13,"minute":1}},{"arriveTime":{"day":19,"hour":6,"minute":30},"nameShip":"QAG","cargo":{"typeCargo":"LIQUID","weight":68445},"unloadDuration":{"day":0,"hour":14,"minute":37}},{"arriveTime":{"day":7,"hour":20,"minute":55},"nameShip":"DN","cargo":{"typeCargo":"CONTAINER","weight":4846},"unloadDuration":{"day":0,"hour":0,"minute":48}},{"arriveTime":{"day":13,"hour":19,"minute":47},"nameShip":"LZ","cargo":{"typeCargo":"LIQUID","weight":57467},"unloadDuration":{"day":0,"hour":12,"minute":16}},{"arriveTime":{"day":0,"hour":13,"minute":38},"nameShip":"PAZT","cargo":{"typeCargo":"CONTAINER","weight":3175},"unloadDuration":{"day":0,"hour":0,"minute":32}},{"arriveTime":{"day":22,"hour":21,"minute":31},"nameShip":"MPK","cargo":{"typeCargo":"CONTAINER","weight":2521},"unloadDuration":{"day":0,"hour":0,"minute":25}},{"arriveTime":{"day":8,"hour":21,"minute":43},"nameShip":"HBVA","cargo":{"typeCargo":"CONTAINER","weight":5762},"unloadDuration":{"day":0,"hour":0,"minute":58}},{"arriveTime":{"day":28,"hour":13,"minute":32},"nameShip":"EI","cargo":{"typeCargo":"LOOSE","weight":50901},"unloadDuration":{"day":0,"hour":13,"minute":3}},{"arriveTime":{"day":11,"hour":1,"minute":30},"nameShip":"EPB","cargo":{"typeCargo":"LOOSE","weight":56299},"unloadDuration":{"day":0,"hour":14,"minute":26}},{"arriveTime":{"day":2,"hour":9,"minute":42},"nameShip":"ATV","cargo":{"typeCargo":"LIQUID","weight":64124},"unloadDuration":{"day":0,"hour":13,"minute":42}},{"arriveTime":{"day":8,"hour":12,"minute":5},"nameShip":"NIP","cargo":{"typeCargo":"CONTAINER","weight":5093},"unloadDuration":{"day":0,"hour":0,"minute":51}},{"arriveTime":{"day":29,"hour":22,"minute":54},"nameShip":"XE","cargo":{"typeCargo":"CONTAINER","weight":4681},"unloadDuration":{"day":0,"hour":0,"minute":47}},{"arriveTime":{"day":28,"hour":19,"minute":23},"nameShip":"YST","cargo":{"typeCargo":"LIQUID","weight":69379},"unloadDuration":{"day":0,"hour":14,"minute":49}},{"arriveTime":{"day":16,"hour":19,"minute":11},"nameShip":"JYZ","cargo":{"typeCargo":"CONTAINER","weight":2776},"unloadDuration":{"day":0,"hour":0,"minute":28}},{"arriveTime":{"day":2,"hour":18,"minute":5},"nameShip":"RZVH","cargo":{"typeCargo":"LIQUID","weight":52326},"unloadDuration":{"day":0,"hour":11,"minute":10}},{"arriveTime":{"day":24,"hour":15,"minute":37},"nameShip":"BX","cargo":{"typeCargo":"LIQUID","weight":64417},"unloadDuration":{"day":0,"hour":13,"minute":45}},{"arriveTime":{"day":9,"hour":18,"minute":53},"nameShip":"WE","cargo":{"typeCargo":"CONTAINER","weight":5270},"unloadDuration":{"day":0,"hour":0,"minute":53}},{"arriveTime":{"day":8,"hour":2,"minute":40},"nameShip":"XUOO","cargo":{"typeCargo":"LIQUID","weight":58933},"unloadDuration":{"day":0,"hour":12,"minute":35}},{"arriveTime":{"day":29,"hour":16,"minute":59},"nameShip":"ULT","cargo":{"typeCargo":"LOOSE","weight":55582},"unloadDuration":{"day":0,"hour":14,"minute":15}},{"arriveTime":{"day":21,"hour":13,"minute":58},"nameShip":"QPQ","cargo":{"typeCargo":"LOOSE","weight":46130},"unloadDuration":{"day":0,"hour":11,"minute":49}},{"arriveTime":{"day":22,"hour":2,"minute":16},"nameShip":"XG","cargo":{"typeCargo":"CONTAINER","weight":2605},"unloadDuration":{"day":0,"hour":0,"minute":26}},{"arriveTime":{"day":3,"hour":16,"minute":38},"nameShip":"VARB","cargo":{"typeCargo":"LIQUID","weight":66168},"unloadDuration":{"day":0,"hour":14,"minute":8}},{"arriveTime":{"day":6,"hour":22,"minute":29},"nameShip":"DTMO","cargo":{"typeCargo":"LOOSE","weight":55734},"unloadDuration":{"day":0,"hour":14,"minute":17}},{"arriveTime":{"day":21,"hour":11,"minute":46},"nameShip":"PZ","cargo":{"typeCargo":"LOOSE","weight":41752},"unloadDuration":{"day":0,"hour":10,"minute":42}},{"arriveTime":{"day":12,"hour":18,"minute":17},"nameShip":"QLQE","cargo":{"typeCargo":"LOOSE","weight":56544},"unloadDuration":{"day":0,"hour":14,"minute":29}},{"arriveTime":{"day":29,"hour":3,"minute":40},"nameShip":"SXBE","cargo":{"typeCargo":"LOOSE","weight":58392},"unloadDuration":{"day":0,"hour":14,"minute":58}},{"arriveTime":{"day":19,"hour":15,"minute":9},"nameShip":"UV","cargo":{"typeCargo":"LIQUID","weight":60596},"unloadDuration":{"day":0,"hour":12,"minute":56}},{"arriveTime":{"day":2,"hour":18,"minute":23},"nameShip":"URY","cargo":{"typeCargo":"CONTAINER","weight":5487},"unloadDuration":{"day":0,"hour":0,"minute":55}},{"arriveTime":{"day":24,"hour":21,"minute":45},"nameShip":"YCS","cargo":{"typeCargo":"LIQUID","weight":63046},"unloadDuration":{"day":0,"hour":13,"minute":28}},{"arriveTime":{"day":18,"hour":11,"minute":42},"nameShip":"WYX","cargo":{"typeCargo":"LIQUID","weight":55791},"unloadDuration":{"day":0,"hour":11,"minute":55}},{"arriveTime":{"day":18,"hour":6,"minute":6},"nameShip":"DEF","cargo":{"typeCargo":"LOOSE","weight":51241},"unloadDuration":{"day":0,"hour":13,"minute":8}},{"arriveTime":{"day":25,"hour":6,"minute":1},"nameShip":"JC","cargo":{"typeCargo":"LIQUID","weight":59085},"unloadDuration":{"day":0,"hour":12,"minute":37}},{"arriveTime":{"day":7,"hour":2,"minute":36},"nameShip":"SODC","cargo":{"typeCargo":"LIQUID","weight":63511},"unloadDuration":{"day":0,"hour":13,"minute":34}},{"arriveTime":{"day":17,"hour":4,"minute":53},"nameShip":"DEH","cargo":{"typeCargo":"LOOSE","weight":48124},"unloadDuration":{"day":0,"hour":12,"minute":20}},{"arriveTime":{"day":27,"hour":12,"minute":24},"nameShip":"FG","cargo":{"typeCargo":"LOOSE","weight":40952},"unloadDuration":{"day":0,"hour":10,"minute":30}},{"arriveTime":{"day":4,"hour":6,"minute":52},"nameShip":"JFNY","cargo":{"typeCargo":"LIQUID","weight":61829},"unloadDuration":{"day":0,"hour":13,"minute":12}},{"arriveTime":{"day":18,"hour":23,"minute":17},"nameShip":"LY","cargo":{"typeCargo":"LIQUID","weight":55075},"unloadDuration":{"day":0,"hour":11,"minute":46}},{"arriveTime":{"day":1,"hour":20,"minute":9},"nameShip":"TJ","cargo":{"typeCargo":"LOOSE","weight":48468},"unloadDuration":{"day":0,"hour":12,"minute":25}},{"arriveTime":{"day":28,"hour":23,"minute":0},"nameShip":"ZIC","cargo":{"typeCargo":"LOOSE","weight":59050},"unloadDuration":{"day":0,"hour":15,"minute":8}},{"arriveTime":{"day":6,"hour":12,"minute":8},"nameShip":"LNR","cargo":{"typeCargo":"CONTAINER","weight":5853},"unloadDuration":{"day":0,"hour":0,"minute":59}},{"arriveTime":{"day":15,"hour":21,"minute":57},"nameShip":"OJF","cargo":{"typeCargo":"LIQUID","weight":53812},"unloadDuration":{"day":0,"hour":11,"minute":29}},{"arriveTime":{"day":4,"hour":11,"minute":13},"nameShip":"ZR","cargo":{"typeCargo":"CONTAINER","weight":3593},"unloadDuration":{"day":0,"hour":0,"minute":36}},{"arriveTime":{"day":17,"hour":18,"minute":20},"nameShip":"UKNV","cargo":{"typeCargo":"CONTAINER","weight":2308},"unloadDuration":{"day":0,"hour":0,"minute":23}},{"arriveTime":{"day":6,"hour":3,"minute":32},"nameShip":"KSSA","cargo":{"typeCargo":"LIQUID","weight":62520},"unloadDuration":{"day":0,"hour":13,"minute":21}},{"arriveTime":{"day":18,"hour":6,"minute":52},"nameShip":"SW","cargo":{"typeCargo":"LIQUID","weight":61433},"unloadDuration":{"day":0,"hour":13,"minute":7}},{"arriveTime":{"day":1,"hour":9,"minute":40},"nameShip":"TVKW","cargo":{"typeCargo":"CONTAINER","weight":4550},"unloadDuration":{"day":0,"hour":0,"minute":45}},{"arriveTime":{"day":23,"hour":6,"minute":53},"nameShip":"GT","cargo":{"typeCargo":"LOOSE","weight":58660},"unloadDuration":{"day":0,"hour":15,"minute":2}},{"arriveTime":{"day":22,"hour":22,"minute":7},"nameShip":"WNSF","cargo":{"typeCargo":"CONTAINER","weight":2959},"unloadDuration":{"day":0,"hour":0,"minute":29}},{"arriveTime":{"day":28,"hour":11,"minute":48},"nameShip":"RCT","cargo":{"typeCargo":"LIQUID","weight":63085},"unloadDuration":{"day":0,"hour":13,"minute":28}},{"arriveTime":{"day":7,"hour":21,"minute":19},"nameShip":"OANL","cargo":{"typeCargo":"CONTAINER","weight":5817},"unloadDuration":{"day":0,"hour":0,"minute":58}},{"arriveTime":{"day":28,"hour":4,"minute":36},"nameShip":"ZT","cargo":{"typeCargo":"LIQUID","weight":55638},"unloadDuration":{"day":0,"hour":11,"minute":53}},{"arriveTime":{"day":19,"hour":13,"minute":14},"nameShip":"ADC","cargo":{"typeCargo":"LIQUID","weight":56033},"unloadDuration":{"day":0,"hour":11,"minute":58}},{"arriveTime":{"day":0,"hour":21,"minute":34},"nameShip":"QKH","cargo":{"typeCargo":"LIQUID","weight":56304},"unloadDuration":{"day":0,"hour":12,"minute":1}},{"arriveTime":{"day":24,"hour":11,"minute":56},"nameShip":"XNI","cargo":{"typeCargo":"LIQUID","weight":60735},"unloadDuration":{"day":0,"hour":12,"minute":58}},{"arriveTime":{"day":15,"hour":13,"minute":8},"nameShip":"IN","cargo":{"typeCargo":"CONTAINER","weight":5488},"unloadDuration":{"day":0,"hour":0,"minute":55}},{"arriveTime":{"day":26,"hour":19,"minute":3},"nameShip":"YG","cargo":{"typeCargo":"CONTAINER","weight":4885},"unloadDuration":{"day":0,"hour":0,"minute":49}},{"arriveTime":{"day":24,"hour":13,"minute":3},"nameShip":"PLSP","cargo":{"typeCargo":"CONTAINER","weight":2413},"unloadDuration":{"day":0,"hour":0,"minute":24}},{"arriveTime":{"day":9,"hour":4,"minute":49},"nameShip":"FJ","cargo":{"typeCargo":"LOOSE","weight":53807},"unloadDuration":{"day":0,"hour":13,"minute":47}},{"arriveTime":{"day":0,"hour":22,"minute":4},"nameShip":"GM","cargo":{"typeCargo":"LIQUID","weight":60704},"unloadDuration":{"day":0,"hour":12,"minute":58}},{"arriveTime":{"day":17,"hour":10,"minute":34},"nameShip":"CXM","cargo":{"typeCargo":"CONTAINER","weight":3322},"unloadDuration":{"day":0,"hour":0,"minute":33}},{"arriveTime":{"day":13,"hour":7,"minute":4},"nameShip":"GK","cargo":{"typeCargo":"LIQUID","weight":68015},"unloadDuration":{"day":0,"hour":14,"minute":31}},{"arriveTime":{"day":9,"hour":19,"minute":53},"nameShip":"CDR","cargo":{"typeCargo":"LIQUID","weight":68266},"unloadDuration":{"day":0,"hour":14,"minute":35}},{"arriveTime":{"day":28,"hour":12,"minute":8},"nameShip":"PA","cargo":{"typeCargo":"CONTAINER","weight":3367},"unloadDuration":{"day":0,"hour":0,"minute":34}},{"arriveTime":{"day":6,"hour":8,"minute":16},"nameShip":"LJOD","cargo":{"typeCargo":"LOOSE","weight":46800},"unloadDuration":{"day":0,"hour":12,"minute":0}},{"arriveTime":{"day":19,"hour":5,"minute":9},"nameShip":"VSD","cargo":{"typeCargo":"LOOSE","weight":51147},"unloadDuration":{"day":0,"hour":13,"minute":6}},{"arriveTime":{"day":22,"hour":6,"minute":52},"nameShip":"YRHZ","cargo":{"typeCargo":"LIQUID","weight":63053},"unloadDuration":{"day":0,"hour":13,"minute":28}},{"arriveTime":{"day":25,"hour":20,"minute":37},"nameShip":"JGE","cargo":{"typeCargo":"CONTAINER","weight":5773},"unloadDuration":{"day":0,"hour":0,"minute":58}},{"arriveTime":{"day":24,"hour":17,"minute":21},"nameShip":"DXB","cargo":{"typeCargo":"LIQUID","weight":56321},"unloadDuration":{"day":0,"hour":12,"minute":2}},{"arriveTime":{"day":17,"hour":1,"minute":1},"nameShip":"WV","cargo":{"typeCargo":"LIQUID","weight":62525},"unloadDuration":{"day":0,"hour":13,"minute":21}},{"arriveTime":{"day":15,"hour":7,"minute":55},"nameShip":"OCI","cargo":{"typeCargo":"CONTAINER","weight":4387},"unloadDuration":{"day":0,"hour":0,"minute":44}},{"arriveTime":{"day":9,"hour":9,"minute":45},"nameShip":"PH","cargo":{"typeCargo":"CONTAINER","weight":4328},"unloadDuration":{"day":0,"hour":0,"minute":43}},{"arriveTime":{"day":18,"hour":7,"minute":24},"nameShip":"MC","cargo":{"typeCargo":"CONTAINER","weight":5966},"unloadDuration":{"day":0,"hour":1,"minute":0}},{"arriveTime":{"day":21,"hour":0,"minute":59},"nameShip":"FMCZ","cargo":{"typeCargo":"CONTAINER","weight":4020},"unloadDuration":{"day":0,"hour":0,"minute":40}},{"arriveTime":{"day":29,"hour":18,"minute":59},"nameShip":"GSNY","cargo":{"typeCargo":"LOOSE","weight":50956},"unloadDuration":{"day":0,"hour":13,"minute":3}},{"arriveTime":{"day":22,"hour":1,"minute":57},"nameShip":"GM","cargo":{"typeCargo":"LOOSE","weight":50014},"unloadDuration":{"day":0,"hour":12,"minute":49}},{"arriveTime":{"day":27,"hour":2,"minute":9},"nameShip":"ICZ","cargo":{"typeCargo":"CONTAINER","weight":2391},"unloadDuration":{"day":0,"hour":0,"minute":24}},{"arriveTime":{"day":10,"hour":3,"minute":50},"nameShip":"XSV","cargo":{"typeCargo":"LOOSE","weight":57291},"unloadDuration":{"day":0,"hour":14,"minute":41}},{"arriveTime":{"day":16,"hour":2,"minute":24},"nameShip":"SWZ","cargo":{"typeCargo":"LOOSE","weight":55107},"unloadDuration":{"day":0,"hour":14,"minute":7}},{"arriveTime":{"day":15,"hour":3,"minute":42},"nameShip":"NS","cargo":{"typeCargo":"LOOSE","weight":52640},"unloadDuration":{"day":0,"hour":13,"minute":29}},{"arriveTime":{"day":7,"hour":1,"minute":6},"nameShip":"OJ","cargo":{"typeCargo":"LOOSE","weight":49082},"unloadDuration":{"day":0,"hour":12,"minute":35}},{"arriveTime":{"day":6,"hour":4,"minute":37},"nameShip":"ZVDW","cargo":{"typeCargo":"LIQUID","weight":54612},"unloadDuration":{"day":0,"hour":11,"minute":40}},{"arriveTime":{"day":20,"hour":22,"minute":35},"nameShip":"MK","cargo":{"typeCargo":"CONTAINER","weight":2320},"unloadDuration":{"day":0,"hour":0,"minute":23}},{"arriveTime":{"day":4,"hour":1,"minute":47},"nameShip":"PN","cargo":{"typeCargo":"LIQUID","weight":60445},"unloadDuration":{"day":0,"hour":12,"minute":54}},{"arriveTime":{"day":15,"hour":10,"minute":39},"nameShip":"JA","cargo":{"typeCargo":"CONTAINER","weight":4936},"unloadDuration":{"day":0,"hour":0,"minute":49}},{"arriveTime":{"day":16,"hour":6,"minute":4},"nameShip":"MWR","cargo":{"typeCargo":"CONTAINER","weight":5925},"unloadDuration":{"day":0,"hour":0,"minute":59}},{"arriveTime":{"day":20,"hour":18,"minute":40},"nameShip":"XZ","cargo":{"typeCargo":"LIQUID","weight":60279},"unloadDuration":{"day":0,"hour":12,"minute":52}},{"arriveTime":{"day":9,"hour":0,"minute":59},"nameShip":"GWBC","cargo":{"typeCargo":"LIQUID","weight":58161},"unloadDuration":{"day":0,"hour":12,"minute":25}},{"arriveTime":{"day":10,"hour":18,"minute":36},"nameShip":"SKL","cargo":{"typeCargo":"LOOSE","weight":53952},"unloadDuration":{"day":0,"hour":13,"minute":50}},{"arriveTime":{"day":8,"hour":6,"minute":52},"nameShip":"HX","cargo":{"typeCargo":"LOOSE","weight":56244},"unloadDuration":{"day":0,"hour":14,"minute":25}},{"arriveTime":{"day":16,"hour":0,"minute":39},"nameShip":"OCQ","cargo":{"typeCargo":"CONTAINER","weight":3515},"unloadDuration":{"day":0,"hour":0,"minute":35}},{"arriveTime":{"day":22,"hour":23,"minute":23},"nameShip":"VXA","cargo":{"typeCargo":"LIQUID","weight":54817},"unloadDuration":{"day":0,"hour":11,"minute":42}},{"arriveTime":{"day":4,"hour":21,"minute":3},"nameShip":"MTE","cargo":{"typeCargo":"CONTAINER","weight":2694},"unloadDuration":{"day":0,"hour":0,"minute":27}},{"arriveTime":{"day":18,"hour":18,"minute":34},"nameShip":"TY","cargo":{"typeCargo":"CONTAINER","weight":5740},"unloadDuration":{"day":0,"hour":0,"minute":57}},{"arriveTime":{"day":7,"hour":14,"minute":36},"nameShip":"SQ","cargo":{"typeCargo":"CONTAINER","weight":5999},"unloadDuration":{"day":0,"hour":1,"minute":0}},{"arriveTime":{"day":17,"hour":22,"minute":39},"nameShip":"RLLX","cargo":{"typeCargo":"LOOSE","weight":44747},"unloadDuration":{"day":0,"hour":11,"minute":28}},{"arriveTime":{"day":10,"hour":8,"minute":56},"nameShip":"AN","cargo":{"typeCargo":"CONTAINER","weight":4982},"unloadDuration":{"day":0,"hour":0,"minute":50}},{"arriveTime":{"day":23,"hour":8,"minute":18},"nameShip":"DXF","cargo":{"typeCargo":"LOOSE","weight":57518},"unloadDuration":{"day":0,"hour":14,"minute":44}},{"arriveTime":{"day":2,"hour":9,"minute":41},"nameShip":"TGXH","cargo":{"typeCargo":"CONTAINER","weight":5012},"unloadDuration":{"day":0,"hour":0,"minute":50}},{"arriveTime":{"day":12,"hour":9,"minute":2},"nameShip":"JZKY","cargo":{"typeCargo":"LIQUID","weight":54446},"unloadDuration":{"day":0,"hour":11,"minute":38}},{"arriveTime":{"day":8,"hour":22,"minute":1},"nameShip":"ZBU","cargo":{"typeCargo":"LIQUID","weight":68389},"unloadDuration":{"day":0,"hour":14,"minute":36}},{"arriveTime":{"day":2,"hour":9,"minute":10},"nameShip":"OSEZ","cargo":{"typeCargo":"LOOSE","weight":55336},"unloadDuration":{"day":0,"hour":14,"minute":11}},{"arriveTime":{"day":24,"hour":1,"minute":19},"nameShip":"EP","cargo":{"typeCargo":"LIQUID","weight":53587},"unloadDuration":{"day":0,"hour":11,"minute":27}},{"arriveTime":{"day":21,"hour":0,"minute":41},"nameShip":"LX","cargo":{"typeCargo":"LIQUID","weight":62487},"unloadDuration":{"day":0,"hour":13,"minute":21}},{"arriveTime":{"day":24,"hour":19,"minute":0},"nameShip":"BUFO","cargo":{"typeCargo":"LOOSE","weight":50487},"unloadDuration":{"day":0,"hour":12,"minute":56}},{"arriveTime":{"day":13,"hour":14,"minute":7},"nameShip":"KDM","cargo":{"typeCargo":"CONTAINER","weight":3741},"unloadDuration":{"day":0,"hour":0,"minute":37}},{"arriveTime":{"day":24,"hour":10,"minute":34},"nameShip":"XI","cargo":{"typeCargo":"CONTAINER","weight":3064},"unloadDuration":{"day":0,"hour":0,"minute":30}},{"arriveTime":{"day":4,"hour":17,"minute":11},"nameShip":"HK","cargo":{"typeCargo":"LOOSE","weight":49745},"unloadDuration":{"day":0,"hour":12,"minute":45}},{"arriveTime":{"day":10,"hour":13,"minute":35},"nameShip":"WO","cargo":{"typeCargo":"LOOSE","weight":44637},"unloadDuration":{"day":0,"hour":11,"minute":26}},{"arriveTime":{"day":21,"hour":22,"minute":23},"nameShip":"QLMZ","cargo":{"typeCargo":"LOOSE","weight":48728},"unloadDuration":{"day":0,"hour":12,"minute":29}},{"arriveTime":{"day":7,"hour":16,"minute":40},"nameShip":"TDLI","cargo":{"typeCargo":"CONTAINER","weight":2418},"unloadDuration":{"day":0,"hour":0,"minute":24}},{"arriveTime":{"day":0,"hour":5,"minute":40},"nameShip":"GYF","cargo":{"typeCargo":"LOOSE","weight":45311},"unloadDuration":{"day":0,"hour":11,"minute":37}},{"arriveTime":{"day":23,"hour":4,"minute":32},"nameShip":"FH","cargo":{"typeCargo":"LIQUID","weight":57460},"unloadDuration":{"day":0,"hour":12,"minute":16}},{"arriveTime":{"day":24,"hour":5,"minute":6},"nameShip":"OA","cargo":{"typeCargo":"CONTAINER","weight":3600},"unloadDuration":{"day":0,"hour":0,"minute":36}},{"arriveTime":{"day":24,"hour":2,"minute":3},"nameShip":"KLSF","cargo":{"typeCargo":"LOOSE","weight":57286},"unloadDuration":{"day":0,"hour":14,"minute":41}},{"arriveTime":{"day":18,"hour":21,"minute":16},"nameShip":"GI","cargo":{"typeCargo":"LOOSE","weight":49738},"unloadDuration":{"day":0,"hour":12,"minute":45}},{"arriveTime":{"day":17,"hour":6,"minute":8},"nameShip":"XZVF","cargo":{"typeCargo":"LIQUID","weight":63482},"unloadDuration":{"day":0,"hour":13,"minute":33}},{"arriveTime":{"day":28,"hour":8,"minute":36},"nameShip":"FA","cargo":{"typeCargo":"LIQUID","weight":64209},"unloadDuration":{"day":0,"hour":13,"minute":43}},{"arriveTime":{"day":2,"hour":18,"minute":24},"nameShip":"DMWX","cargo":{"typeCargo":"LOOSE","weight":48444},"unloadDuration":{"day":0,"hour":12,"minute":25}},{"arriveTime":{"day":25,"hour":8,"minute":32},"nameShip":"CB","cargo":{"typeCargo":"LIQUID","weight":61686},"unloadDuration":{"day":0,"hour":13,"minute":10}},{"arriveTime":{"day":24,"hour":23,"minute":44},"nameShip":"UA","cargo":{"typeCargo":"LOOSE","weight":42746},"unloadDuration":{"day":0,"hour":10,"minute":57}},{"arriveTime":{"day":25,"hour":7,"minute":41},"nameShip":"TTT","cargo":{"typeCargo":"LOOSE","weight":51684},"unloadDuration":{"day":0,"hour":13,"minute":15}},{"arriveTime":{"day":15,"hour":22,"minute":17},"nameShip":"KQHU","cargo":{"typeCargo":"CONTAINER","weight":2202},"unloadDuration":{"day":0,"hour":0,"minute":22}},{"arriveTime":{"day":17,"hour":11,"minute":21},"nameShip":"EPG","cargo":{"typeCargo":"LOOSE","weight":46518},"unloadDuration":{"day":0,"hour":11,"minute":55}},{"arriveTime":{"day":16,"hour":14,"minute":28},"nameShip":"DAHU","cargo":{"typeCargo":"LOOSE","weight":41014},"unloadDuration":{"day":0,"hour":10,"minute":30}},{"arriveTime":{"day":10,"hour":12,"minute":33},"nameShip":"VKAO","cargo":{"typeCargo":"LIQUID","weight":51247},"unloadDuration":{"day":0,"hour":10,"minute":57}},{"arriveTime":{"day":28,"hour":13,"minute":23},"nameShip":"BKG","cargo":{"typeCargo":"LIQUID","weight":55377},"unloadDuration":{"day":0,"hour":11,"minute":49}},{"arriveTime":{"day":6,"hour":3,"minute":33},"nameShip":"EGM","cargo":{"typeCargo":"LOOSE","weight":46066},"unloadDuration":{"day":0,"hour":11,"minute":48}},{"arriveTime":{"day":2,"hour":0,"minute":59},"nameShip":"MX","cargo":{"typeCargo":"LIQUID","weight":50533},"unloadDuration":{"day":0,"hour":10,"minute":47}},{"arriveTime":{"day":13,"hour":5,"minute":29},"nameShip":"SC","cargo":{"typeCargo":"CONTAINER","weight":3195},"unloadDuration":{"day":0,"hour":0,"minute":32}},{"arriveTime":{"day":27,"hour":0,"minute":17},"nameShip":"SYS","cargo":{"typeCargo":"LIQUID","weight":56792},"unloadDuration":{"day":0,"hour":12,"minute":8}},{"arriveTime":{"day":27,"hour":4,"minute":14},"nameShip":"LWPW","cargo":{"typeCargo":"CONTAINER","weight":5510},"unloadDuration":{"day":0,"hour":0,"minute":55}},{"arriveTime":{"day":17,"hour":14,"minute":24},"nameShip":"TI","cargo":{"typeCargo":"CONTAINER","weight":2156},"unloadDuration":{"day":0,"hour":0,"minute":21}},{"arriveTime":{"day":25,"hour":15,"minute":10},"nameShip":"LJVX","cargo":{"typeCargo":"LOOSE","weight":55778},"unloadDuration":{"day":0,"hour":14,"minute":18}},{"arriveTime":{"day":28,"hour":14,"minute":8},"nameShip":"GT","cargo":{"typeCargo":"LIQUID","weight":68206},"unloadDuration":{"day":0,"hour":14,"minute":34}},{"arriveTime":{"day":17,"hour":1,"minute":25},"nameShip":"FO","cargo":{"typeCargo":"LOOSE","weight":56519},"unloadDuration":{"day":0,"hour":14,"minute":29}},{"arriveTime":{"day":17,"hour":23,"minute":6},"nameShip":"DDJ","cargo":{"typeCargo":"LIQUID","weight":63173},"unloadDuration":{"day":0,"hour":13,"minute":29}},{"arriveTime":{"day":5,"hour":10,"minute":9},"nameShip":"OYGF","cargo":{"typeCargo":"LOOSE","weight":57140},"unloadDuration":{"day":0,"hour":14,"minute":39}},{"arriveTime":{"day":9,"hour":22,"minute":12},"nameShip":"IJ","cargo":{"typeCargo":"CONTAINER","weight":5936},"unloadDuration":{"day":0,"hour":0,"minute":59}},{"arriveTime":{"day":3,"hour":13,"minute":41},"nameShip":"BQI","cargo":{"typeCargo":"CONTAINER","weight":4743},"unloadDuration":{"day":0,"hour":0,"minute":47}},{"arriveTime":{"day":23,"hour":9,"minute":30},"nameShip":"YH","cargo":{"typeCargo":"LOOSE","weight":41315},"unloadDuration":{"day":0,"hour":10,"minute":35}},{"arriveTime":{"day":20,"hour":1,"minute":6},"nameShip":"DG","cargo":{"typeCargo":"CONTAINER","weight":5205},"unloadDuration":{"day":0,"hour":0,"minute":52}},{"arriveTime":{"day":29,"hour":7,"minute":32},"nameShip":"ZJH","cargo":{"typeCargo":"CONTAINER","weight":4954},"unloadDuration":{"day":0,"hour":0,"minute":50}},{"arriveTime":{"day":8,"hour":11,"minute":2},"nameShip":"SQQ","cargo":{"typeCargo":"LOOSE","weight":48897},"unloadDuration":{"day":0,"hour":12,"minute":32}},{"arriveTime":{"day":20,"hour":2,"minute":58},"nameShip":"NDK","cargo":{"typeCargo":"LOOSE","weight":59328},"unloadDuration":{"day":0,"hour":15,"minute":12}},{"arriveTime":{"day":19,"hour":17,"minute":15},"nameShip":"CL","cargo":{"typeCargo":"LOOSE","weight":51541},"unloadDuration":{"day":0,"hour":13,"minute":12}},{"arriveTime":{"day":28,"hour":2,"minute":15},"nameShip":"CYXC","cargo":{"typeCargo":"CONTAINER","weight":4835},"unloadDuration":{"day":0,"hour":0,"minute":48}},{"arriveTime":{"day":16,"hour":0,"minute":37},"nameShip":"PDO","cargo":{"typeCargo":"LOOSE","weight":55956},"unloadDuration":{"day":0,"hour":14,"minute":20}},{"arriveTime":{"day":4,"hour":8,"minute":0},"nameShip":"MCOR","cargo":{"typeCargo":"CONTAINER","weight":2905},"unloadDuration":{"day":0,"hour":0,"minute":29}},{"arriveTime":{"day":4,"hour":5,"minute":19},"nameShip":"VEM","cargo":{"typeCargo":"LIQUID","weight":65939},"unloadDuration":{"day":0,"hour":14,"minute":5}},{"arriveTime":{"day":11,"hour":11,"minute":34},"nameShip":"UER","cargo":{"typeCargo":"CONTAINER","weight":3966},"unloadDuration":{"day":0,"hour":0,"minute":40}},{"arriveTime":{"day":1,"hour":5,"minute":24},"nameShip":"RDT","cargo":{"typeCargo":"LIQUID","weight":62966},"unloadDuration":{"day":0,"hour":13,"minute":27}},{"arriveTime":{"day":6,"hour":18,"minute":26},"nameShip":"HE","cargo":{"typeCargo":"LOOSE","weight":57909},"unloadDuration":{"day":0,"hour":14,"minute":50}},{"arriveTime":{"day":20,"hour":17,"minute":37},"nameShip":"NBQV","cargo":{"typeCargo":"LOOSE","weight":42283},"unloadDuration":{"day":0,"hour":10,"minute":50}},{"arriveTime":{"day":25,"hour":9,"minute":4},"nameShip":"HEP","cargo":{"typeCargo":"LOOSE","weight":48891},"unloadDuration":{"day":0,"hour":12,"minute":32}},{"arriveTime":{"day":19,"hour":3,"minute":50},"nameShip":"DRRB","cargo":{"typeCargo":"CONTAINER","weight":5696},"unloadDuration":{"day":0,"hour":0,"minute":57}},{"arriveTime":{"day":25,"hour":4,"minute":39},"nameShip":"VRF","cargo":{"typeCargo":"LIQUID","weight":56057},"unloadDuration":{"day":0,"hour":11,"minute":58}},{"arriveTime":{"day":5,"hour":11,"minute":58},"nameShip":"EMJ","cargo":{"typeCargo":"LOOSE","weight":55442},"unloadDuration":{"day":0,"hour":14,"minute":12}},{"arriveTime":{"day":4,"hour":19,"minute":26},"nameShip":"HQI","cargo":{"typeCargo":"LOOSE","weight":56149},"unloadDuration":{"day":0,"hour":14,"minute":23}},{"arriveTime":{"day":7,"hour":4,"minute":37},"nameShip":"WP","cargo":{"typeCargo":"LOOSE","weight":40853},"unloadDuration":{"day":0,"hour":10,"minute":28}},{"arriveTime":{"day":20,"hour":0,"minute":0},"nameShip":"RPV","cargo":{"typeCargo":"CONTAINER","weight":2261},"unloadDuration":{"day":0,"hour":0,"minute":22}},{"arriveTime":{"day":9,"hour":7,"minute":18},"nameShip":"FU","cargo":{"typeCargo":"CONTAINER","weight":2809},"unloadDuration":{"day":0,"hour":0,"minute":28}},{"arriveTime":{"day":4,"hour":21,"minute":18},"nameShip":"QES","cargo":{"typeCargo":"LIQUID","weight":55875},"unloadDuration":{"day":0,"hour":11,"minute":56}},{"arriveTime":{"day":3,"hour":21,"minute":28},"nameShip":"HF","cargo":{"typeCargo":"LIQUID","weight":61315},"unloadDuration":{"day":0,"hour":13,"minute":6}},{"arriveTime":{"day":6,"hour":6,"minute":33},"nameShip":"XG","cargo":{"typeCargo":"LOOSE","weight":43539},"unloadDuration":{"day":0,"hour":11,"minute":9}},{"arriveTime":{"day":15,"hour":22,"minute":1},"nameShip":"SBXX","cargo":{"typeCargo":"LOOSE","weight":41528},"unloadDuration":{"day":0,"hour":10,"minute":38}},{"arriveTime":{"day":11,"hour":14,"minute":12},"nameShip":"UM","cargo":{"typeCargo":"LOOSE","weight":49538},"unloadDuration":{"day":0,"hour":12,"minute":42}},{"arriveTime":{"day":20,"hour":4,"minute":59},"nameShip":"ACVR","cargo":{"typeCargo":"CONTAINER","weight":4647},"unloadDuration":{"day":0,"hour":0,"minute":46}},{"arriveTime":{"day":22,"hour":0,"minute":23},"nameShip":"QKCQ","cargo":{"typeCargo":"LIQUID","weight":66443},"unloadDuration":{"day":0,"hour":14,"minute":11}},{"arriveTime":{"day":21,"hour":14,"minute":7},"nameShip":"VSW","cargo":{"typeCargo":"LOOSE","weight":42774},"unloadDuration":{"day":0,"hour":10,"minute":58}},{"arriveTime":{"day":0,"hour":2,"minute":33},"nameShip":"KOE","cargo":{"typeCargo":"LOOSE","weight":44449},"unloadDuration":{"day":0,"hour":11,"minute":23}},{"arriveTime":{"day":23,"hour":8,"minute":59},"nameShip":"UL","cargo":{"typeCargo":"CONTAINER","weight":2041},"unloadDuration":{"day":0,"hour":0,"minute":20}},{"arriveTime":{"day":14,"hour":17,"minute":51},"nameShip":"AR","cargo":{"typeCargo":"CONTAINER","weight":2760},"unloadDuration":{"day":0,"hour":0,"minute":27}},{"arriveTime":{"day":20,"hour":0,"minute":26},"nameShip":"YU","cargo":{"typeCargo":"LOOSE","weight":49454},"unloadDuration":{"day":0,"hour":12,"minute":40}},{"arriveTime":{"day":23,"hour":18,"minute":11},"nameShip":"JGG","cargo":{"typeCargo":"LIQUID","weight":50158},"unloadDuration":{"day":0,"hour":10,"minute":43}},{"arriveTime":{"day":17,"hour":5,"minute":48},"nameShip":"FNX","cargo":{"typeCargo":"LOOSE","weight":53623},"unloadDuration":{"day":0,"hour":13,"minute":44}},{"arriveTime":{"day":25,"hour":13,"minute":14},"nameShip":"JHDY","cargo":{"typeCargo":"LOOSE","weight":47140},"unloadDuration":{"day":0,"hour":12,"minute":5}},{"arriveTime":{"day":6,"hour":5,"minute":20},"nameShip":"LGD","cargo":{"typeCargo":"LIQUID","weight":61892},"unloadDuration":{"day":0,"hour":13,"minute":13}},{"arriveTime":{"day":21,"hour":10,"minute":48},"nameShip":"YWTW","cargo":{"typeCargo":"LIQUID","weight":54264},"unloadDuration":{"day":0,"hour":11,"minute":35}},{"arriveTime":{"day":2,"hour":21,"minute":54},"nameShip":"VD","cargo":{"typeCargo":"CONTAINER","weight":3335},"unloadDuration":{"day":0,"hour":0,"minute":33}},{"arriveTime":{"day":3,"hour":12,"minute":51},"nameShip":"VSPV","cargo":{"typeCargo":"LOOSE","weight":45034},"unloadDuration":{"day":0,"hour":11,"minute":32}},{"arriveTime":{"day":21,"hour":9,"minute":10},"nameShip":"LGDQ","cargo":{"typeCargo":"LIQUID","weight":68105},"unloadDuration":{"day":0,"hour":14,"minute":33}},{"arriveTime":{"day":13,"hour":5,"minute":27},"nameShip":"BH","cargo":{"typeCargo":"LIQUID","weight":57287},"unloadDuration":{"day":0,"hour":12,"minute":14}},{"arriveTime":{"day":25,"hour":1,"minute":0},"nameShip":"JUBQ","cargo":{"typeCargo":"LIQUID","weight":66189},"unloadDuration":{"day":0,"hour":14,"minute":8}},{"arriveTime":{"day":6,"hour":6,"minute":41},"nameShip":"PYME","cargo":{"typeCargo":"LIQUID","weight":66347},"unloadDuration":{"day":0,"hour":14,"minute":10}},{"arriveTime":{"day":18,"hour":3,"minute":7},"nameShip":"GQW","cargo":{"typeCargo":"CONTAINER","weight":4322},"unloadDuration":{"day":0,"hour":0,"minute":43}},{"arriveTime":{"day":17,"hour":11,"minute":21},"nameShip":"OG","cargo":{"typeCargo":"LOOSE","weight":57376},"unloadDuration":{"day":0,"hour":14,"minute":42}},{"arriveTime":{"day":8,"hour":11,"minute":2},"nameShip":"ULQ","cargo":{"typeCargo":"LIQUID","weight":66154},"unloadDuration":{"day":0,"hour":14,"minute":8}},{"arriveTime":{"day":8,"hour":14,"minute":15},"nameShip":"KOZ","cargo":{"typeCargo":"LOOSE","weight":54956},"unloadDuration":{"day":0,"hour":14,"minute":5}},{"arriveTime":{"day":17,"hour":12,"minute":59},"nameShip":"IQW","cargo":{"typeCargo":"LIQUID","weight":68693},"unloadDuration":{"day":0,"hour":14,"minute":40}},{"arriveTime":{"day":12,"hour":12,"minute":5},"nameShip":"MRT","cargo":{"typeCargo":"LOOSE","weight":59871},"unloadDuration":{"day":0,"hour":15,"minute":21}},{"arriveTime":{"day":10,"hour":4,"minute":16},"nameShip":"ISL","cargo":{"typeCargo":"LOOSE","weight":57452},"unloadDuration":{"day":0,"hour":14,"minute":43}},{"arriveTime":{"day":20,"hour":21,"minute":4},"nameShip":"VY","cargo":{"typeCargo":"LIQUID","weight":61720},"unloadDuration":{"day":0,"hour":13,"minute":11}},{"arriveTime":{"day":9,"hour":9,"minute":43},"nameShip":"ZCXO","cargo":{"typeCargo":"LOOSE","weight":53039},"unloadDuration":{"day":0,"hour":13,"minute":35}},{"arriveTime":{"day":2,"hour":3,"minute":27},"nameShip":"EZT","cargo":{"typeCargo":"LOOSE","weight":54074},"unloadDuration":{"day":0,"hour":13,"minute":51}},{"arriveTime":{"day":10,"hour":12,"minute":19},"nameShip":"OEAM","cargo":{"typeCargo":"CONTAINER","weight":3423},"unloadDuration":{"day":0,"hour":0,"minute":34}},{"arriveTime":{"day":25,"hour":13,"minute":11},"nameShip":"LSC","cargo":{"typeCargo":"CONTAINER","weight":4188},"unloadDuration":{"day":0,"hour":0,"minute":42}},{"arriveTime":{"day":9,"hour":10,"minute":50},"nameShip":"OFUN","cargo":{"typeCargo":"CONTAINER","weight":2186},"unloadDuration":{"day":0,"hour":0,"minute":22}},{"arriveTime":{"day":12,"hour":7,"minute":32},"nameShip":"AMNA","cargo":{"typeCargo":"CONTAINER","weight":4019},"unloadDuration":{"day":0,"hour":0,"minute":40}},{"arriveTime":{"day":16,"hour":14,"minute":42},"nameShip":"WJ","cargo":{"typeCargo":"CONTAINER","weight":3454},"unloadDuration":{"day":0,"hour":0,"minute":34}},{"arriveTime":{"day":23,"hour":11,"minute":24},"nameShip":"RUF","cargo":{"typeCargo":"LOOSE","weight":43078},"unloadDuration":{"day":0,"hour":11,"minute":2}},{"arriveTime":{"day":22,"hour":11,"minute":26},"nameShip":"SRIW","cargo":{"typeCargo":"CONTAINER","weight":4744},"unloadDuration":{"day":0,"hour":0,"minute":47}},{"arriveTime":{"day":27,"hour":6,"minute":24},"nameShip":"FBFW","cargo":{"typeCargo":"LOOSE","weight":52261},"unloadDuration":{"day":0,"hour":13,"minute":24}},{"arriveTime":{"day":29,"hour":2,"minute":26},"nameShip":"APBV","cargo":{"typeCargo":"LOOSE","weight":59019},"unloadDuration":{"day":0,"hour":15,"minute":7}},{"arriveTime":{"day":25,"hour":6,"minute":22},"nameShip":"RGE","cargo":{"typeCargo":"CONTAINER","weight":4636},"unloadDuration":{"day":0,"hour":0,"minute":46}},{"arriveTime":{"day":18,"hour":16,"minute":30},"nameShip":"PONU","cargo":{"typeCargo":"LIQUID","weight":55815},"unloadDuration":{"day":0,"hour":11,"minute":55}},{"arriveTime":{"day":24,"hour":4,"minute":37},"nameShip":"QLBM","cargo":{"typeCargo":"CONTAINER","weight":4452},"unloadDuration":{"day":0,"hour":0,"minute":44}},{"arriveTime":{"day":6,"hour":4,"minute":32},"nameShip":"AI","cargo":{"typeCargo":"CONTAINER","weight":5906},"unloadDuration":{"day":0,"hour":0,"minute":59}},{"arriveTime":{"day":20,"hour":4,"minute":23},"nameShip":"IDK","cargo":{"typeCargo":"LIQUID","weight":55258},"unloadDuration":{"day":0,"hour":11,"minute":48}},{"arriveTime":{"day":7,"hour":21,"minute":6},"nameShip":"YD","cargo":{"typeCargo":"LOOSE","weight":56190},"unloadDuration":{"day":0,"hour":14,"minute":24}},{"arriveTime":{"day":0,"hour":18,"minute":52},"nameShip":"IF","cargo":{"typeCargo":"CONTAINER","weight":3026},"unloadDuration":{"day":0,"hour":0,"minute":30}},{"arriveTime":{"day":12,"hour":20,"minute":34},"nameShip":"KCZ","cargo":{"typeCargo":"CONTAINER","weight":2410},"unloadDuration":{"day":0,"hour":0,"minute":24}},{"arriveTime":{"day":19,"hour":5,"minute":47},"nameShip":"JWH","cargo":{"typeCargo":"LOOSE","weight":46845},"unloadDuration":{"day":0,"hour":12,"minute":0}},{"arriveTime":{"day":18,"hour":20,"minute":45},"nameShip":"LSSI","cargo":{"typeCargo":"LOOSE","weight":59165},"unloadDuration":{"day":0,"hour":15,"minute":10}},{"arriveTime":{"day":28,"hour":11,"minute":21},"nameShip":"TN","cargo":{"typeCargo":"LOOSE","weight":44183},"unloadDuration":{"day":0,"hour":11,"minute":19}},{"arriveTime":{"day":24,"hour":7,"minute":31},"nameShip":"BMVC","cargo":{"typeCargo":"CONTAINER","weight":3568},"unloadDuration":{"day":0,"hour":0,"minute":36}},{"arriveTime":{"day":14,"hour":12,"minute":46},"nameShip":"GDTE","cargo":{"typeCargo":"LIQUID","weight":54867},"unloadDuration":{"day":0,"hour":11,"minute":43}},{"arriveTime":{"day":20,"hour":19,"minute":13},"nameShip":"FVT","cargo":{"typeCargo":"CONTAINER","weight":3255},"unloadDuration":{"day":0,"hour":0,"minute":32}},{"arriveTime":{"day":27,"hour":10,"minute":28},"nameShip":"SO","cargo":{"typeCargo":"CONTAINER","weight":3383},"unloadDuration":{"day":0,"hour":0,"minute":34}},{"arriveTime":{"day":4,"hour":0,"minute":25},"nameShip":"WRW","cargo":{"typeCargo":"LOOSE","weight":56473},"unloadDuration":{"day":0,"hour":14,"minute":28}},{"arriveTime":{"day":22,"hour":14,"minute":24},"nameShip":"BJ","cargo":{"typeCargo":"CONTAINER","weight":4866},"unloadDuration":{"day":0,"hour":0,"minute":49}},{"arriveTime":{"day":22,"hour":20,"minute":54},"nameShip":"DV","cargo":{"typeCargo":"LOOSE","weight":45045},"unloadDuration":{"day":0,"hour":11,"minute":33}},{"arriveTime":{"day":8,"hour":13,"minute":41},"nameShip":"EIKT","cargo":{"typeCargo":"LOOSE","weight":53493},"unloadDuration":{"day":0,"hour":13,"minute":42}},{"arriveTime":{"day":26,"hour":9,"minute":32},"nameShip":"MZ","cargo":{"typeCargo":"CONTAINER","weight":5361},"unloadDuration":{"day":0,"hour":0,"minute":54}},{"arriveTime":{"day":25,"hour":10,"minute":42},"nameShip":"LUAM","cargo":{"typeCargo":"CONTAINER","weight":4893},"unloadDuration":{"day":0,"hour":0,"minute":49}},{"arriveTime":{"day":19,"hour":4,"minute":22},"nameShip":"BUR","cargo":{"typeCargo":"LOOSE","weight":52702},"unloadDuration":{"day":0,"hour":13,"minute":30}},{"arriveTime":{"day":26,"hour":15,"minute":0},"nameShip":"RTO","cargo":{"typeCargo":"LIQUID","weight":51450},"unloadDuration":{"day":0,"hour":10,"minute":59}},{"arriveTime":{"day":15,"hour":19,"minute":52},"nameShip":"CK","cargo":{"typeCargo":"LOOSE","weight":54501},"unloadDuration":{"day":0,"hour":13,"minute":58}},{"arriveTime":{"day":2,"hour":11,"minute":53},"nameShip":"ZGTD","cargo":{"typeCargo":"LIQUID","weight":53496},"unloadDuration":{"day":0,"hour":11,"minute":25}},{"arriveTime":{"day":20,"hour":14,"minute":52},"nameShip":"JVVM","cargo":{"typeCargo":"LIQUID","weight":53246},"unloadDuration":{"day":0,"hour":11,"minute":22}},{"arriveTime":{"day":22,"hour":11,"minute":38},"nameShip":"CWPE","cargo":{"typeCargo":"CONTAINER","weight":5187},"unloadDuration":{"day":0,"hour":0,"minute":52}},{"arriveTime":{"day":7,"hour":18,"minute":7},"nameShip":"HDS","cargo":{"typeCargo":"CONTAINER","weight":2797},"unloadDuration":{"day":0,"hour":0,"minute":28}},{"arriveTime":{"day":8,"hour":15,"minute":11},"nameShip":"YKTS","cargo":{"typeCargo":"CONTAINER","weight":2536},"unloadDuration":{"day":0,"hour":0,"minute":25}},{"arriveTime":{"day":22,"hour":0,"minute":22},"nameShip":"TXY","cargo":{"typeCargo":"CONTAINER","weight":4939},"unloadDuration":{"day":0,"hour":0,"minute":49}},{"arriveTime":{"day":12,"hour":12,"minute":55},"nameShip":"ZA","cargo":{"typeCargo":"LIQUID","weight":53364},"unloadDuration":{"day":0,"hour":11,"minute":24}},{"arriveTime":{"day":15,"hour":4,"minute":9},"nameShip":"XFIZ","cargo":{"typeCargo":"LIQUID","weight":52637},"unloadDuration":{"day":0,"hour":11,"minute":14}},{"arriveTime":{"day":23,"hour":13,"minute":34},"nameShip":"MFO","cargo":{"typeCargo":"LIQUID","weight":53032},"unloadDuration":{"day":0,"hour":11,"minute":19}},{"arriveTime":{"day":14,"hour":16,"minute":2},"nameShip":"QP","cargo":{"typeCargo":"LIQUID","weight":69910},"unloadDuration":{"day":0,"hour":14,"minute":56}},{"arriveTime":{"day":15,"hour":23,"minute":28},"nameShip":"HQ","cargo":{"typeCargo":"LOOSE","weight":58095},"unloadDuration":{"day":0,"hour":14,"minute":53}},{"arriveTime":{"day":6,"hour":6,"minute":35},"nameShip":"NMI","cargo":{"typeCargo":"CONTAINER","weight":4657},"unloadDuration":{"day":0,"hour":0,"minute":47}},{"arriveTime":{"day":7,"hour":9,"minute":47},"nameShip":"SFA","cargo":{"typeCargo":"LOOSE","weight":53798},"unloadDuration":{"day":0,"hour":13,"minute":47}},{"arriveTime":{"day":18,"hour":13,"minute":15},"nameShip":"GG","cargo":{"typeCargo":"LOOSE","weight":49189},"unloadDuration":{"day":0,"hour":12,"minute":36}},{"arriveTime":{"day":19,"hour":0,"minute":47},"nameShip":"LAX","cargo":{"typeCargo":"LIQUID","weight":56615},"unloadDuration":{"day":0,"hour":12,"minute":5}},{"arriveTime":{"day":2,"hour":16,"minute":36},"nameShip":"JWY","cargo":{"typeCargo":"CONTAINER","weight":3455},"unloadDuration":{"day":0,"hour":0,"minute":34}},{"arriveTime":{"day":3,"hour":5,"minute":50},"nameShip":"ZFHZ","cargo":{"typeCargo":"CONTAINER","weight":2176},"unloadDuration":{"day":0,"hour":0,"minute":21}},{"arriveTime":{"day":4,"hour":21,"minute":14},"nameShip":"DLZO","cargo":{"typeCargo":"LIQUID","weight":55495},"unloadDuration":{"day":0,"hour":11,"minute":51}},{"arriveTime":{"day":4,"hour":13,"minute":6},"nameShip":"GOSA","cargo":{"typeCargo":"LOOSE","weight":41707},"unloadDuration":{"day":0,"hour":10,"minute":41}},{"arriveTime":{"day":0,"hour":5,"minute":0},"nameShip":"DBP","cargo":{"typeCargo":"LIQUID","weight":54783},"unloadDuration":{"day":0,"hour":11,"minute":42}},{"arriveTime":{"day":16,"hour":5,"minute":8},"nameShip":"AN","cargo":{"typeCargo":"LOOSE","weight":55274},"unloadDuration":{"day":0,"hour":14,"minute":10}},{"arriveTime":{"day":11,"hour":22,"minute":5},"nameShip":"KW","cargo":{"typeCargo":"CONTAINER","weight":4866},"unloadDuration":{"day":0,"hour":0,"minute":49}},{"arriveTime":{"day":9,"hour":2,"minute":56},"nameShip":"FKH","cargo":{"typeCargo":"LOOSE","weight":40161},"unloadDuration":{"day":0,"hour":10,"minute":17}},{"arriveTime":{"day":19,"hour":15,"minute":56},"nameShip":"HR","cargo":{"typeCargo":"LIQUID","weight":61527},"unloadDuration":{"day":0,"hour":13,"minute":8}},{"arriveTime":{"day":4,"hour":2,"minute":44},"nameShip":"IBQ","cargo":{"typeCargo":"LOOSE","weight":46786},"unloadDuration":{"day":0,"hour":11,"minute":59}},{"arriveTime":{"day":16,"hour":12,"minute":10},"nameShip":"OEGU","cargo":{"typeCargo":"LOOSE","weight":59188},"unloadDuration":{"day":0,"hour":15,"minute":10}},{"arriveTime":{"day":17,"hour":13,"minute":29},"nameShip":"YE","cargo":{"typeCargo":"LIQUID","weight":61879},"unloadDuration":{"day":0,"hour":13,"minute":13}},{"arriveTime":{"day":0,"hour":3,"minute":21},"nameShip":"DTE","cargo":{"typeCargo":"LOOSE","weight":51761},"unloadDuration":{"day":0,"hour":13,"minute":16}},{"arriveTime":{"day":22,"hour":8,"minute":12},"nameShip":"OX","cargo":{"typeCargo":"LOOSE","weight":56793},"unloadDuration":{"day":0,"hour":14,"minute":33}},{"arriveTime":{"day":21,"hour":3,"minute":16},"nameShip":"BK","cargo":{"typeCargo":"LIQUID","weight":60831},"unloadDuration":{"day":0,"hour":12,"minute":59}},{"arriveTime":{"day":5,"hour":9,"minute":35},"nameShip":"XH","cargo":{"typeCargo":"CONTAINER","weight":5106},"unloadDuration":{"day":0,"hour":0,"minute":51}},{"arriveTime":{"day":18,"hour":10,"minute":51},"nameShip":"XD","cargo":{"typeCargo":"CONTAINER","weight":5230},"unloadDuration":{"day":0,"hour":0,"minute":52}},{"arriveTime":{"day":20,"hour":3,"minute":47},"nameShip":"SUBC","cargo":{"typeCargo":"LIQUID","weight":54913},"unloadDuration":{"day":0,"hour":11,"minute":44}},{"arriveTime":{"day":14,"hour":3,"minute":38},"nameShip":"MQ","cargo":{"typeCargo":"CONTAINER","weight":2781},"unloadDuration":{"day":0,"hour":0,"minute":28}},{"arriveTime":{"day":15,"hour":9,"minute":2},"nameShip":"BYJ","cargo":{"typeCargo":"LIQUID","weight":66445},"unloadDuration":{"day":0,"hour":14,"minute":11}},{"arriveTime":{"day":9,"hour":20,"minute":24},"nameShip":"UJX","cargo":{"typeCargo":"LOOSE","weight":40006},"unloadDuration":{"day":0,"hour":10,"minute":15}},{"arriveTime":{"day":28,"hour":8,"minute":4},"nameShip":"ORQH","cargo":{"typeCargo":"CONTAINER","weight":3857},"unloadDuration":{"day":0,"hour":0,"minute":38}},{"arriveTime":{"day":4,"hour":4,"minute":45},"nameShip":"UER","cargo":{"typeCargo":"LIQUID","weight":57908},"unloadDuration":{"day":0,"hour":12,"minute":22}},{"arriveTime":{"day":16,"hour":5,"minute":52},"nameShip":"NDI","cargo":{"typeCargo":"LIQUID","weight":66038},"unloadDuration":{"day":0,"hour":14,"minute":6}},{"arriveTime":{"day":24,"hour":22,"minute":30},"nameShip":"TPM","cargo":{"typeCargo":"LOOSE","weight":42433},"unloadDuration":{"day":0,"hour":10,"minute":52}},{"arriveTime":{"day":15,"hour":23,"minute":49},"nameShip":"ICZ","cargo":{"typeCargo":"CONTAINER","weight":3534},"unloadDuration":{"day":0,"hour":0,"minute":35}},{"arriveTime":{"day":20,"hour":7,"minute":34},"nameShip":"MBJU","cargo":{"typeCargo":"LOOSE","weight":41057},"unloadDuration":{"day":0,"hour":10,"minute":31}},{"arriveTime":{"day":7,"hour":20,"minute":12},"nameShip":"LO","cargo":{"typeCargo":"LOOSE","weight":48755},"unloadDuration":{"day":0,"hour":12,"minute":30}},{"arriveTime":{"day":10,"hour":5,"minute":18},"nameShip":"JR","cargo":{"typeCargo":"LIQUID","weight":60009},"unloadDuration":{"day":0,"hour":12,"minute":49}},{"arriveTime":{"day":25,"hour":18,"minute":31},"nameShip":"EZPY","cargo":{"typeCargo":"LOOSE","weight":57477},"unloadDuration":{"day":0,"hour":14,"minute":44}},{"arriveTime":{"day":16,"hour":17,"minute":18},"nameShip":"HS","cargo":{"typeCargo":"LOOSE","weight":45386},"unloadDuration":{"day":0,"hour":11,"minute":38}},{"arriveTime":{"day":1,"hour":5,"minute":58},"nameShip":"UUQP","cargo":{"typeCargo":"LIQUID","weight":52462},"unloadDuration":{"day":0,"hour":11,"minute":12}},{"arriveTime":{"day":15,"hour":19,"minute":54},"nameShip":"XVGG","cargo":{"typeCargo":"CONTAINER","weight":5998},"unloadDuration":{"day":0,"hour":1,"minute":0}},{"arriveTime":{"day":14,"hour":7,"minute":36},"nameShip":"ODTY","cargo":{"typeCargo":"CONTAINER","weight":3327},"unloadDuration":{"day":0,"hour":0,"minute":33}},{"arriveTime":{"day":3,"hour":17,"minute":46},"nameShip":"FU","cargo":{"typeCargo":"CONTAINER","weight":5830},"unloadDuration":{"day":0,"hour":0,"minute":58}},{"arriveTime":{"day":29,"hour":1,"minute":41},"nameShip":"REA","cargo":{"typeCargo":"LOOSE","weight":51142},"unloadDuration":{"day":0,"hour":13,"minute":6}},{"arriveTime":{"day":1,"hour":14,"minute":51},"nameShip":"TVF","cargo":{"typeCargo":"CONTAINER","weight":3460},"unloadDuration":{"day":0,"hour":0,"minute":34}},{"arriveTime":{"day":24,"hour":14,"minute":16},"nameShip":"JMO","cargo":{"typeCargo":"LIQUID","weight":54464},"unloadDuration":{"day":0,"hour":11,"minute":38}},{"arriveTime":{"day":18,"hour":12,"minute":55},"nameShip":"CPNJ","cargo":{"typeCargo":"CONTAINER","weight":3724},"unloadDuration":{"day":0,"hour":0,"minute":37}},{"arriveTime":{"day":20,"hour":12,"minute":59},"nameShip":"IMO","cargo":{"typeCargo":"CONTAINER","weight":4975},"unloadDuration":{"day":0,"hour":0,"minute":50}},{"arriveTime":{"day":14,"hour":5,"minute":28},"nameShip":"OHX","cargo":{"typeCargo":"CONTAINER","weight":3453},"unloadDuration":{"day":0,"hour":0,"minute":34}},{"arriveTime":{"day":11,"hour":6,"minute":39},"nameShip":"GE","cargo":{"typeCargo":"LOOSE","weight":41638},"unloadDuration":{"day":0,"hour":10,"minute":40}},{"arriveTime":{"day":0,"hour":11,"minute":46},"nameShip":"OJ","cargo":{"typeCargo":"CONTAINER","weight":5090},"unloadDuration":{"day":0,"hour":0,"minute":51}},{"arriveTime":{"day":28,"hour":3,"minute":58},"nameShip":"FJX","cargo":{"typeCargo":"LOOSE","weight":41342},"unloadDuration":{"day":0,"hour":10,"minute":36}},{"arriveTime":{"day":21,"hour":11,"minute":59},"nameShip":"AOQ","cargo":{"typeCargo":"LOOSE","weight":51417},"unloadDuration":{"day":0,"hour":13,"minute":11}},{"arriveTime":{"day":29,"hour":7,"minute":10},"nameShip":"BN","cargo":{"typeCargo":"CONTAINER","weight":4370},"unloadDuration":{"day":0,"hour":0,"minute":44}},{"arriveTime":{"day":14,"hour":19,"minute":39},"nameShip":"UU","cargo":{"typeCargo":"LOOSE","weight":57906},"unloadDuration":{"day":0,"hour":14,"minute":50}},{"arriveTime":{"day":25,"hour":10,"minute":14},"nameShip":"RGCC","cargo":{"typeCargo":"LIQUID","weight":65450},"unloadDuration":{"day":0,"hour":13,"minute":59}},{"arriveTime":{"day":14,"hour":23,"minute":16},"nameShip":"YAC","cargo":{"typeCargo":"LIQUID","weight":67791},"unloadDuration":{"day":0,"hour":14,"minute":29}},{"arriveTime":{"day":26,"hour":20,"minute":14},"nameShip":"FYAY","cargo":{"typeCargo":"LIQUID","weight":64072},"unloadDuration":{"day":0,"hour":13,"minute":41}},{"arriveTime":{"day":13,"hour":11,"minute":15},"nameShip":"TYM","cargo":{"typeCargo":"LIQUID","weight":64772},"unloadDuration":{"day":0,"hour":13,"minute":50}},{"arriveTime":{"day":4,"hour":6,"minute":11},"nameShip":"OZ","cargo":{"typeCargo":"LOOSE","weight":49125},"unloadDuration":{"day":0,"hour":12,"minute":35}},{"arriveTime":{"day":0,"hour":23,"minute":54},"nameShip":"THAU","cargo":{"typeCargo":"LOOSE","weight":58799},"unloadDuration":{"day":0,"hour":15,"minute":4}},{"arriveTime":{"day":21,"hour":22,"minute":44},"nameShip":"ZB","cargo":{"typeCargo":"LIQUID","weight":53929},"unloadDuration":{"day":0,"hour":11,"minute":31}},{"arriveTime":{"day":18,"hour":20,"minute":51},"nameShip":"EO","cargo":{"typeCargo":"LOOSE","weight":58953},"unloadDuration":{"day":0,"hour":15,"minute":6}},{"arriveTime":{"day":7,"hour":4,"minute":21},"nameShip":"KTX","cargo":{"typeCargo":"LIQUID","weight":52002},"unloadDuration":{"day":0,"hour":11,"minute":6}},{"arriveTime":{"day":11,"hour":7,"minute":36},"nameShip":"IM","cargo":{"typeCargo":"CONTAINER","weight":3971},"unloadDuration":{"day":0,"hour":0,"minute":40}},{"arriveTime":{"day":9,"hour":13,"minute":39},"nameShip":"KUZ","cargo":{"typeCargo":"CONTAINER","weight":5070},"unloadDuration":{"day":0,"hour":0,"minute":51}},{"arriveTime":{"day":11,"hour":10,"minute":57},"nameShip":"ADZ","cargo":{"typeCargo":"LIQUID","weight":64598},"unloadDuration":{"day":0,"hour":13,"minute":48}},{"arriveTime":{"day":20,"hour":6,"minute":28},"nameShip":"YAV","cargo":{"typeCargo":"LIQUID","weight":65417},"unloadDuration":{"day":0,"hour":13,"minute":58}},{"arriveTime":{"day":14,"hour":18,"minute":49},"nameShip":"TV","cargo":{"typeCargo":"LIQUID","weight":50092},"unloadDuration":{"day":0,"hour":10,"minute":42}},{"arriveTime":{"day":16,"hour":10,"minute":6},"nameShip":"UGML","cargo":{"typeCargo":"LIQUID","weight":59459},"unloadDuration":{"day":0,"hour":12,"minute":42}},{"arriveTime":{"day":3,"hour":20,"minute":31},"nameShip":"ZG","cargo":{"typeCargo":"LIQUID","weight":56151},"unloadDuration":{"day":0,"hour":11,"minute":59}},{"arriveTime":{"day":2,"hour":10,"minute":9},"nameShip":"PHVN","cargo":{"typeCargo":"CONTAINER","weight":3400},"unloadDuration":{"day":0,"hour":0,"minute":34}},{"arriveTime":{"day":27,"hour":16,"minute":56},"nameShip":"BU","cargo":{"typeCargo":"CONTAINER","weight":2548},"unloadDuration":{"day":0,"hour":0,"minute":25}},{"arriveTime":{"day":16,"hour":11,"minute":16},"nameShip":"YGG","cargo":{"typeCargo":"CONTAINER","weight":3322},"unloadDuration":{"day":0,"hour":0,"minute":33}},{"arriveTime":{"day":11,"hour":21,"minute":58},"nameShip":"GRFF","cargo":{"typeCargo":"LIQUID","weight":60606},"unloadDuration":{"day":0,"hour":12,"minute":57}},{"arriveTime":{"day":3,"hour":2,"minute":16},"nameShip":"PQAY","cargo":{"typeCargo":"LOOSE","weight":51157},"unloadDuration":{"day":0,"hour":13,"minute":7}},{"arriveTime":{"day":13,"hour":19,"minute":31},"nameShip":"JLCG","cargo":{"typeCargo":"LIQUID","weight":67188},"unloadDuration":{"day":0,"hour":14,"minute":21}},{"arriveTime":{"day":24,"hour":9,"minute":57},"nameShip":"JXVR","cargo":{"typeCargo":"LOOSE","weight":59529},"unloadDuration":{"day":0,"hour":15,"minute":15}},{"arriveTime":{"day":14,"hour":23,"minute":56},"nameShip":"VTLU","cargo":{"typeCargo":"CONTAINER","weight":5039},"unloadDuration":{"day":0,"hour":0,"minute":50}},{"arriveTime":{"day":26,"hour":0,"minute":14},"nameShip":"WQA","cargo":{"typeCargo":"LIQUID","weight":51836},"unloadDuration":{"day":0,"hour":11,"minute":4}},{"arriveTime":{"day":20,"hour":13,"minute":32},"nameShip":"FWFB","cargo":{"typeCargo":"CONTAINER","weight":3438},"unloadDuration":{"day":0,"hour":0,"minute":34}},{"arriveTime":{"day":6,"hour":15,"minute":48},"nameShip":"ETT","cargo":{"typeCargo":"LOOSE","weight":50633},"unloadDuration":{"day":0,"hour":12,"minute":58}},{"arriveTime":{"day":16,"hour":17,"minute":53},"nameShip":"VL","cargo":{"typeCargo":"CONTAINER","weight":2361},"unloadDuration":{"day":0,"hour":0,"minute":23}},{"arriveTime":{"day":19,"hour":13,"minute":23},"nameShip":"ULJ","cargo":{"typeCargo":"CONTAINER","weight":5637},"unloadDuration":{"day":0,"hour":0,"minute":56}},{"arriveTime":{"day":10,"hour":16,"minute":49},"nameShip":"YZ","cargo":{"typeCargo":"LOOSE","weight":50408},"unloadDuration":{"day":0,"hour":12,"minute":55}},{"arriveTime":{"day":11,"hour":20,"minute":14},"nameShip":"MNXI","cargo":{"typeCargo":"LIQUID","weight":55033},"unloadDuration":{"day":0,"hour":11,"minute":45}},{"arriveTime":{"day":28,"hour":4,"minute":6},"nameShip":"SKGU","cargo":{"typeCargo":"CONTAINER","weight":3344},"unloadDuration":{"day":0,"hour":0,"minute":33}},{"arriveTime":{"day":5,"hour":20,"minute":41},"nameShip":"PHO","cargo":{"typeCargo":"LOOSE","weight":51136},"unloadDuration":{"day":0,"hour":13,"minute":6}},{"arriveTime":{"day":21,"hour":13,"minute":3},"nameShip":"EEM","cargo":{"typeCargo":"LIQUID","weight":53158},"unloadDuration":{"day":0,"hour":11,"minute":21}},{"arriveTime":{"day":25,"hour":0,"minute":0},"nameShip":"GHGC","cargo":{"typeCargo":"LOOSE","weight":41990},"unloadDuration":{"day":0,"hour":10,"minute":46}},{"arriveTime":{"day":14,"hour":17,"minute":15},"nameShip":"BA","cargo":{"typeCargo":"LIQUID","weight":69381},"unloadDuration":{"day":0,"hour":14,"minute":49}},{"arriveTime":{"day":2,"hour":15,"minute":29},"nameShip":"RN","cargo":{"typeCargo":"CONTAINER","weight":5877},"unloadDuration":{"day":0,"hour":0,"minute":59}},{"arriveTime":{"day":24,"hour":6,"minute":50},"nameShip":"WETA","cargo":{"typeCargo":"CONTAINER","weight":4248},"unloadDuration":{"day":0,"hour":0,"minute":42}},{"arriveTime":{"day":3,"hour":8,"minute":41},"nameShip":"PHUP","cargo":{"typeCargo":"LOOSE","weight":42274},"unloadDuration":{"day":0,"hour":10,"minute":50}},{"arriveTime":{"day":22,"hour":14,"minute":40},"nameShip":"XW","cargo":{"typeCargo":"LIQUID","weight":57660},"unloadDuration":{"day":0,"hour":12,"minute":19}},{"arriveTime":{"day":2,"hour":6,"minute":33},"nameShip":"RHH","cargo":{"typeCargo":"LIQUID","weight":56828},"unloadDuration":{"day":0,"hour":12,"minute":8}},{"arriveTime":{"day":4,"hour":22,"minute":7},"nameShip":"QYF","cargo":{"typeCargo":"CONTAINER","weight":2525},"unloadDuration":{"day":0,"hour":0,"minute":25}},{"arriveTime":{"day":23,"hour":6,"minute":31},"nameShip":"OYNK","cargo":{"typeCargo":"LIQUID","weight":56484},"unloadDuration":{"day":0,"hour":12,"minute":4}},{"arriveTime":{"day":2,"hour":23,"minute":6},"nameShip":"XPG","cargo":{"typeCargo":"CONTAINER","weight":3680},"unloadDuration":{"day":0,"hour":0,"minute":37}},{"arriveTime":{"day":27,"hour":0,"minute":44},"nameShip":"AHMJ","cargo":{"typeCargo":"LIQUID","weight":60386},"unloadDuration":{"day":0,"hour":12,"minute":54}},{"arriveTime":{"day":1,"hour":19,"minute":46},"nameShip":"PT","cargo":{"typeCargo":"LIQUID","weight":51000},"unloadDuration":{"day":0,"hour":10,"minute":53}},{"arriveTime":{"day":8,"hour":23,"minute":21},"nameShip":"KSO","cargo":{"typeCargo":"LIQUID","weight":50209},"unloadDuration":{"day":0,"hour":10,"minute":43}},{"arriveTime":{"day":22,"hour":22,"minute":9},"nameShip":"KYXB","cargo":{"typeCargo":"LIQUID","weight":51857},"unloadDuration":{"day":0,"hour":11,"minute":4}},{"arriveTime":{"day":14,"hour":19,"minute":45},"nameShip":"UMFA","cargo":{"typeCargo":"LOOSE","weight":56783},"unloadDuration":{"day":0,"hour":14,"minute":33}},{"arriveTime":{"day":8,"hour":7,"minute":40},"nameShip":"GPZ","cargo":{"typeCargo":"LIQUID","weight":50439},"unloadDuration":{"day":0,"hour":10,"minute":46}},{"arriveTime":{"day":27,"hour":23,"minute":43},"nameShip":"GYIA","cargo":{"typeCargo":"LIQUID","weight":55835},"unloadDuration":{"day":0,"hour":11,"minute":55}},{"arriveTime":{"day":15,"hour":4,"minute":39},"nameShip":"IKI","cargo":{"typeCargo":"CONTAINER","weight":5306},"unloadDuration":{"day":0,"hour":0,"minute":53}},{"arriveTime":{"day":20,"hour":3,"minute":19},"nameShip":"TQXD","cargo":{"typeCargo":"LOOSE","weight":50089},"unloadDuration":{"day":0,"hour":12,"minute":50}},{"arriveTime":{"day":6,"hour":8,"minute":20},"nameShip":"HLO","cargo":{"typeCargo":"CONTAINER","weight":2159},"unloadDuration":{"day":0,"hour":0,"minute":21}},{"arriveTime":{"day":21,"hour":4,"minute":42},"nameShip":"UDN","cargo":{"typeCargo":"LIQUID","weight":57848},"unloadDuration":{"day":0,"hour":12,"minute":21}},{"arriveTime":{"day":23,"hour":8,"minute":42},"nameShip":"WQQA","cargo":{"typeCargo":"LIQUID","weight":56640},"unloadDuration":{"day":0,"hour":12,"minute":6}},{"arriveTime":{"day":19,"hour":8,"minute":45},"nameShip":"AE","cargo":{"typeCargo":"CONTAINER","weight":3552},"unloadDuration":{"day":0,"hour":0,"minute":35}},{"arriveTime":{"day":14,"hour":12,"minute":16},"nameShip":"FN","cargo":{"typeCargo":"LOOSE","weight":41033},"unloadDuration":{"day":0,"hour":10,"minute":31}},{"arriveTime":{"day":21,"hour":6,"minute":50},"nameShip":"IYJ","cargo":{"typeCargo":"CONTAINER","weight":3734},"unloadDuration":{"day":0,"hour":0,"minute":37}},{"arriveTime":{"day":29,"hour":15,"minute":37},"nameShip":"UFMJ","cargo":{"typeCargo":"LOOSE","weight":48889},"unloadDuration":{"day":0,"hour":12,"minute":32}},{"arriveTime":{"day":20,"hour":3,"minute":24},"nameShip":"DKW","cargo":{"typeCargo":"LIQUID","weight":62227},"unloadDuration":{"day":0,"hour":13,"minute":17}},{"arriveTime":{"day":3,"hour":9,"minute":18},"nameShip":"KTC","cargo":{"typeCargo":"LIQUID","weight":53233},"unloadDuration":{"day":0,"hour":11,"minute":22}},{"arriveTime":{"day":22,"hour":21,"minute":8},"nameShip":"RO","cargo":{"typeCargo":"CONTAINER","weight":3066},"unloadDuration":{"day":0,"hour":0,"minute":30}},{"arriveTime":{"day":1,"hour":10,"minute":56},"nameShip":"MEP","cargo":{"typeCargo":"LOOSE","weight":57003},"unloadDuration":{"day":0,"hour":14,"minute":36}},{"arriveTime":{"day":4,"hour":23,"minute":57},"nameShip":"NUCP","cargo":{"typeCargo":"LIQUID","weight":57449},"unloadDuration":{"day":0,"hour":12,"minute":16}},{"arriveTime":{"day":23,"hour":10,"minute":10},"nameShip":"QOFI","cargo":{"typeCargo":"CONTAINER","weight":4786},"unloadDuration":{"day":0,"hour":0,"minute":48}},{"arriveTime":{"day":23,"hour":18,"minute":28},"nameShip":"AK","cargo":{"typeCargo":"CONTAINER","weight":4761},"unloadDuration":{"day":0,"hour":0,"minute":48}},{"arriveTime":{"day":22,"hour":8,"minute":20},"nameShip":"CRI","cargo":{"typeCargo":"LIQUID","weight":63203},"unloadDuration":{"day":0,"hour":13,"minute":30}},{"arriveTime":{"day":0,"hour":7,"minute":38},"nameShip":"UW","cargo":{"typeCargo":"CONTAINER","weight":3061},"unloadDuration":{"day":0,"hour":0,"minute":30}},{"arriveTime":{"day":0,"hour":9,"minute":29},"nameShip":"DPB","cargo":{"typeCargo":"LIQUID","weight":51187},"unloadDuration":{"day":0,"hour":10,"minute":56}},{"arriveTime":{"day":26,"hour":17,"minute":39},"nameShip":"QCXR","cargo":{"typeCargo":"LIQUID","weight":57196},"unloadDuration":{"day":0,"hour":12,"minute":13}},{"arriveTime":{"day":24,"hour":1,"minute":17},"nameShip":"JUTR","cargo":{"typeCargo":"LOOSE","weight":43997},"unloadDuration":{"day":0,"hour":11,"minute":16}},{"arriveTime":{"day":3,"hour":6,"minute":54},"nameShip":"DFP","cargo":{"typeCargo":"CONTAINER","weight":5070},"unloadDuration":{"day":0,"hour":0,"minute":51}},{"arriveTime":{"day":13,"hour":10,"minute":27},"nameShip":"CSVU","cargo":{"typeCargo":"CONTAINER","weight":5184},"unloadDuration":{"day":0,"hour":0,"minute":52}},{"arriveTime":{"day":9,"hour":12,"minute":30},"nameShip":"MV","cargo":{"typeCargo":"LIQUID","weight":66885},"unloadDuration":{"day":0,"hour":14,"minute":17}},{"arriveTime":{"day":16,"hour":5,"minute":53},"nameShip":"FTBU","cargo":{"typeCargo":"LIQUID","weight":54350},"unloadDuration":{"day":0,"hour":11,"minute":36}},{"arriveTime":{"day":19,"hour":3,"minute":13},"nameShip":"VNQ","cargo":{"typeCargo":"CONTAINER","weight":4627},"unloadDuration":{"day":0,"hour":0,"minute":46}},{"arriveTime":{"day":24,"hour":0,"minute":28},"nameShip":"PZB","cargo":{"typeCargo":"LOOSE","weight":54098},"unloadDuration":{"day":0,"hour":13,"minute":52}},{"arriveTime":{"day":27,"hour":8,"minute":29},"nameShip":"KR","cargo":{"typeCargo":"LOOSE","weight":51334},"unloadDuration":{"day":0,"hour":13,"minute":9}},{"arriveTime":{"day":10,"hour":4,"minute":58},"nameShip":"NBD","cargo":{"typeCargo":"LIQUID","weight":69005},"unloadDuration":{"day":0,"hour":14,"minute":44}},{"arriveTime":{"day":3,"hour":0,"minute":32},"nameShip":"MFUT","cargo":{"typeCargo":"LOOSE","weight":57268},"unloadDuration":{"day":0,"hour":14,"minute":41}},{"arriveTime":{"day":20,"hour":23,"minute":38},"nameShip":"ZOGX","cargo":{"typeCargo":"LOOSE","weight":42771},"unloadDuration":{"day":0,"hour":10,"minute":58}},{"arriveTime":{"day":26,"hour":4,"minute":59},"nameShip":"KF","cargo":{"typeCargo":"CONTAINER","weight":5260},"unloadDuration":{"day":0,"hour":0,"minute":53}},{"arriveTime":{"day":22,"hour":14,"minute":59},"nameShip":"DRN","cargo":{"typeCargo":"LIQUID","weight":52507},"unloadDuration":{"day":0,"hour":11,"minute":13}},{"arriveTime":{"day":25,"hour":22,"minute":9},"nameShip":"JN","cargo":{"typeCargo":"LOOSE","weight":53227},"unloadDuration":{"day":0,"hour":13,"minute":38}},{"arriveTime":{"day":24,"hour":5,"minute":48},"nameShip":"XDU","cargo":{"typeCargo":"LOOSE","weight":57123},"unloadDuration":{"day":0,"hour":14,"minute":38}},{"arriveTime":{"day":3,"hour":1,"minute":33},"nameShip":"EGWZ","cargo":{"typeCargo":"CONTAINER","weight":4438},"unloadDuration":{"day":0,"hour":0,"minute":44}},{"arriveTime":{"day":2,"hour":19,"minute":46},"nameShip":"AZ","cargo":{"typeCargo":"LOOSE","weight":40515},"unloadDuration":{"day":0,"hour":10,"minute":23}},{"arriveTime":{"day":15,"hour":6,"minute":10},"nameShip":"MY","cargo":{"typeCargo":"LIQUID","weight":53199},"unloadDuration":{"day":0,"hour":11,"minute":22}},{"arriveTime":{"day":0,"hour":7,"minute":39},"nameShip":"TVX","cargo":{"typeCargo":"LOOSE","weight":58463},"unloadDuration":{"day":0,"hour":14,"minute":59}},{"arriveTime":{"day":21,"hour":13,"minute":22},"nameShip":"SEU","cargo":{"typeCargo":"LIQUID","weight":69520},"unloadDuration":{"day":0,"hour":14,"minute":51}},{"arriveTime":{"day":12,"hour":14,"minute":11},"nameShip":"XAY","cargo":{"typeCargo":"LIQUID","weight":53982},"unloadDuration":{"day":0,"hour":11,"minute":32}},{"arriveTime":{"day":0,"hour":15,"minute":16},"nameShip":"SY","cargo":{"typeCargo":"LOOSE","weight":55349},"unloadDuration":{"day":0,"hour":14,"minute":11}},{"arriveTime":{"day":5,"hour":9,"minute":12},"nameShip":"UUC","cargo":{"typeCargo":"LOOSE","weight":43577},"unloadDuration":{"day":0,"hour":11,"minute":10}},{"arriveTime":{"day":13,"hour":10,"minute":59},"nameShip":"LU","cargo":{"typeCargo":"LIQUID","weight":51685},"unloadDuration":{"day":0,"hour":11,"minute":2}},{"arriveTime":{"day":17,"hour":19,"minute":52},"nameShip":"JEK","cargo":{"typeCargo":"LOOSE","weight":45061},"unloadDuration":{"day":0,"hour":11,"minute":33}},{"arriveTime":{"day":0,"hour":0,"minute":4},"nameShip":"KCL","cargo":{"typeCargo":"LOOSE","weight":53348},"unloadDuration":{"day":0,"hour":13,"minute":40}},{"arriveTime":{"day":16,"hour":2,"minute":53},"nameShip":"NM","cargo":{"typeCargo":"LIQUID","weight":64671},"unloadDuration":{"day":0,"hour":13,"minute":49}},{"arriveTime":{"day":26,"hour":13,"minute":15},"nameShip":"AD","cargo":{"typeCargo":"CONTAINER","weight":5149},"unloadDuration":{"day":0,"hour":0,"minute":52}},{"arriveTime":{"day":19,"hour":14,"minute":37},"nameShip":"MAPR","cargo":{"typeCargo":"LIQUID","weight":58901},"unloadDuration":{"day":0,"hour":12,"minute":35}},{"arriveTime":{"day":1,"hour":11,"minute":11},"nameShip":"UY","cargo":{"typeCargo":"LIQUID","weight":57459},"unloadDuration":{"day":0,"hour":12,"minute":16}},{"arriveTime":{"day":27,"hour":7,"minute":23},"nameShip":"DYII","cargo":{"typeCargo":"LIQUID","weight":66032},"unloadDuration":{"day":0,"hour":14,"minute":6}},{"arriveTime":{"day":28,"hour":1,"minute":37},"nameShip":"OSX","cargo":{"typeCargo":"LIQUID","weight":56381},"unloadDuration":{"day":0,"hour":12,"minute":2}},{"arriveTime":{"day":2,"hour":11,"minute":37},"nameShip":"VK","cargo":{"typeCargo":"LOOSE","weight":48935},"unloadDuration":{"day":0,"hour":12,"minute":32}},{"arriveTime":{"day":4,"hour":1,"minute":26},"nameShip":"RYJ","cargo":{"typeCargo":"CONTAINER","weight":2413},"unloadDuration":{"day":0,"hour":0,"minute":24}},{"arriveTime":{"day":21,"hour":21,"minute":59},"nameShip":"GSD","cargo":{"typeCargo":"LOOSE","weight":58560},"unloadDuration":{"day":0,"hour":15,"minute":0}},{"arriveTime":{"day":18,"hour":21,"minute":36},"nameShip":"DX","cargo":{"typeCargo":"LOOSE","weight":45973},"unloadDuration":{"day":0,"hour":11,"minute":47}},{"arriveTime":{"day":2,"hour":16,"minute":25},"nameShip":"MPF","cargo":{"typeCargo":"LIQUID","weight":64882},"unloadDuration":{"day":0,"hour":13,"minute":51}},{"arriveTime":{"day":16,"hour":0,"minute":57},"nameShip":"FGUI","cargo":{"typeCargo":"LIQUID","weight":51331},"unloadDuration":{"day":0,"hour":10,"minute":58}},{"arriveTime":{"day":3,"hour":14,"minute":17},"nameShip":"DJY","cargo":{"typeCargo":"LOOSE","weight":46462},"unloadDuration":{"day":0,"hour":11,"minute":54}},{"arriveTime":{"day":25,"hour":6,"minute":38},"nameShip":"VUJZ","cargo":{"typeCargo":"LIQUID","weight":64434},"unloadDuration":{"day":0,"hour":13,"minute":46}},{"arriveTime":{"day":8,"hour":10,"minute":4},"nameShip":"NP","cargo":{"typeCargo":"LOOSE","weight":52355},"unloadDuration":{"day":0,"hour":13,"minute":25}},{"arriveTime":{"day":26,"hour":1,"minute":33},"nameShip":"IK","cargo":{"typeCargo":"LOOSE","weight":54463},"unloadDuration":{"day":0,"hour":13,"minute":57}},{"arriveTime":{"day":29,"hour":10,"minute":26},"nameShip":"YS","cargo":{"typeCargo":"LOOSE","weight":51657},"unloadDuration":{"day":0,"hour":13,"minute":14}},{"arriveTime":{"day":18,"hour":3,"minute":0},"nameShip":"OFFG","cargo":{"typeCargo":"LOOSE","weight":46455},"unloadDuration":{"day":0,"hour":11,"minute":54}},{"arriveTime":{"day":4,"hour":22,"minute":40},"nameShip":"YCZ","cargo":{"typeCargo":"LOOSE","weight":50834},"unloadDuration":{"day":0,"hour":13,"minute":2}},{"arriveTime":{"day":26,"hour":13,"minute":30},"nameShip":"DYY","cargo":{"typeCargo":"CONTAINER","weight":5021},"unloadDuration":{"day":0,"hour":0,"minute":50}},{"arriveTime":{"day":2,"hour":2,"minute":56},"nameShip":"FN","cargo":{"typeCargo":"CONTAINER","weight":4170},"unloadDuration":{"day":0,"hour":0,"minute":42}},{"arriveTime":{"day":29,"hour":9,"minute":53},"nameShip":"SZQ","cargo":{"typeCargo":"LOOSE","weight":50811},"unloadDuration":{"day":0,"hour":13,"minute":1}},{"arriveTime":{"day":1,"hour":0,"minute":24},"nameShip":"MTXI","cargo":{"typeCargo":"LOOSE","weight":42687},"unloadDuration":{"day":0,"hour":10,"minute":56}},{"arriveTime":{"day":1,"hour":3,"minute":19},"nameShip":"DO","cargo":{"typeCargo":"LIQUID","weight":65459},"unloadDuration":{"day":0,"hour":13,"minute":59}},{"arriveTime":{"day":21,"hour":6,"minute":52},"nameShip":"YN","cargo":{"typeCargo":"CONTAINER","weight":3553},"unloadDuration":{"day":0,"hour":0,"minute":35}},{"arriveTime":{"day":17,"hour":0,"minute":18},"nameShip":"OAEE","cargo":{"typeCargo":"LIQUID","weight":56562},"unloadDuration":{"day":0,"hour":12,"minute":5}},{"arriveTime":{"day":17,"hour":1,"minute":15},"nameShip":"AT","cargo":{"typeCargo":"LIQUID","weight":60028},"unloadDuration":{"day":0,"hour":12,"minute":49}},{"arriveTime":{"day":7,"hour":5,"minute":58},"nameShip":"URZ","cargo":{"typeCargo":"LIQUID","weight":65018},"unloadDuration":{"day":0,"hour":13,"minute":53}},{"arriveTime":{"day":21,"hour":10,"minute":9},"nameShip":"TJTZ","cargo":{"typeCargo":"LOOSE","weight":48618},"unloadDuration":{"day":0,"hour":12,"minute":27}},{"arriveTime":{"day":23,"hour":7,"minute":48},"nameShip":"WPH","cargo":{"typeCargo":"LOOSE","weight":44316},"unloadDuration":{"day":0,"hour":11,"minute":21}},{"arriveTime":{"day":21,"hour":18,"minute":47},"nameShip":"EC","cargo":{"typeCargo":"LIQUID","weight":68396},"unloadDuration":{"day":0,"hour":14,"minute":36}},{"arriveTime":{"day":4,"hour":21,"minute":9},"nameShip":"BF","cargo":{"typeCargo":"LIQUID","weight":66056},"unloadDuration":{"day":0,"hour":14,"minute":6}},{"arriveTime":{"day":29,"hour":4,"minute":13},"nameShip":"TCBE","cargo":{"typeCargo":"CONTAINER","weight":2553},"unloadDuration":{"day":0,"hour":0,"minute":25}},{"arriveTime":{"day":19,"hour":2,"minute":0},"nameShip":"ISV","cargo":{"typeCargo":"CONTAINER","weight":3418},"unloadDuration":{"day":0,"hour":0,"minute":34}},{"arriveTime":{"day":2,"hour":21,"minute":3},"nameShip":"TNA","cargo":{"typeCargo":"LOOSE","weight":46575},"unloadDuration":{"day":0,"hour":11,"minute":56}},{"arriveTime":{"day":21,"hour":20,"minute":21},"nameShip":"VDO","cargo":{"typeCargo":"LIQUID","weight":53658},"unloadDuration":{"day":0,"hour":11,"minute":27}},{"arriveTime":{"day":23,"hour":4,"minute":59},"nameShip":"AB","cargo":{"typeCargo":"CONTAINER","weight":2455},"unloadDuration":{"day":0,"hour":0,"minute":24}},{"arriveTime":{"day":13,"hour":2,"minute":48},"nameShip":"RY","cargo":{"typeCargo":"LOOSE","weight":54925},"unloadDuration":{"day":0,"hour":14,"minute":5}},{"arriveTime":{"day":26,"hour":6,"minute":18},"nameShip":"KLSS","cargo":{"typeCargo":"CONTAINER","weight":2067},"unloadDuration":{"day":0,"hour":0,"minute":20}},{"arriveTime":{"day":0,"hour":17,"minute":22},"nameShip":"JBR","cargo":{"typeCargo":"CONTAINER","weight":3313},"unloadDuration":{"day":0,"hour":0,"minute":33}},{"arriveTime":{"day":3,"hour":13,"minute":42},"nameShip":"KFAU","cargo":{"typeCargo":"LOOSE","weight":54226},"unloadDuration":{"day":0,"hour":13,"minute":54}},{"arriveTime":{"day":22,"hour":3,"minute":59},"nameShip":"YWJL","cargo":{"typeCargo":"CONTAINER","weight":4002},"unloadDuration":{"day":0,"hour":0,"minute":40}},{"arriveTime":{"day":19,"hour":4,"minute":33},"nameShip":"IWL","cargo":{"typeCargo":"LOOSE","weight":44454},"unloadDuration":{"day":0,"hour":11,"minute":23}},{"arriveTime":{"day":1,"hour":21,"minute":15},"nameShip":"MZ","cargo":{"typeCargo":"LOOSE","weight":46881},"unloadDuration":{"day":0,"hour":12,"minute":1}},{"arriveTime":{"day":23,"hour":12,"minute":15},"nameShip":"RT","cargo":{"typeCargo":"CONTAINER","weight":5541},"unloadDuration":{"day":0,"hour":0,"minute":55}},{"arriveTime":{"day":16,"hour":13,"minute":24},"nameShip":"MEK","cargo":{"typeCargo":"LOOSE","weight":54947},"unloadDuration":{"day":0,"hour":14,"minute":5}},{"arriveTime":{"day":0,"hour":0,"minute":45},"nameShip":"RK","cargo":{"typeCargo":"LIQUID","weight":52058},"unloadDuration":{"day":0,"hour":11,"minute":7}},{"arriveTime":{"day":13,"hour":22,"minute":20},"nameShip":"IXML","cargo":{"typeCargo":"CONTAINER","weight":4318},"unloadDuration":{"day":0,"hour":0,"minute":43}},{"arriveTime":{"day":12,"hour":7,"minute":15},"nameShip":"ANO","cargo":{"typeCargo":"LIQUID","weight":63689},"unloadDuration":{"day":0,"hour":13,"minute":36}},{"arriveTime":{"day":21,"hour":18,"minute":24},"nameShip":"JX","cargo":{"typeCargo":"LOOSE","weight":55668},"unloadDuration":{"day":0,"hour":14,"minute":16}},{"arriveTime":{"day":6,"hour":3,"minute":31},"nameShip":"OCL","cargo":{"typeCargo":"CONTAINER","weight":4648},"unloadDuration":{"day":0,"hour":0,"minute":46}},{"arriveTime":{"day":12,"hour":1,"minute":37},"nameShip":"JIF","cargo":{"typeCargo":"LOOSE","weight":56767},"unloadDuration":{"day":0,"hour":14,"minute":33}},{"arriveTime":{"day":21,"hour":1,"minute":58},"nameShip":"SQDB","cargo":{"typeCargo":"LIQUID","weight":60441},"unloadDuration":{"day":0,"hour":12,"minute":54}},{"arriveTime":{"day":0,"hour":21,"minute":48},"nameShip":"THV","cargo":{"typeCargo":"LOOSE","weight":42543},"unloadDuration":{"day":0,"hour":10,"minute":54}},{"arriveTime":{"day":23,"hour":6,"minute":40},"nameShip":"EXTN","cargo":{"typeCargo":"LIQUID","weight":65728},"unloadDuration":{"day":0,"hour":14,"minute":2}},{"arriveTime":{"day":15,"hour":0,"minute":47},"nameShip":"SDDJ","cargo":{"typeCargo":"LOOSE","weight":46506},"unloadDuration":{"day":0,"hour":11,"minute":55}},{"arriveTime":{"day":5,"hour":16,"minute":9},"nameShip":"QZ","cargo":{"typeCargo":"LOOSE","weight":59546},"unloadDuration":{"day":0,"hour":15,"minute":16}},{"arriveTime":{"day":10,"hour":10,"minute":16},"nameShip":"JS","cargo":{"typeCargo":"CONTAINER","weight":3699},"unloadDuration":{"day":0,"hour":0,"minute":37}},{"arriveTime":{"day":6,"hour":12,"minute":27},"nameShip":"MZ","cargo":{"typeCargo":"LIQUID","weight":59635},"unloadDuration":{"day":0,"hour":12,"minute":44}},{"arriveTime":{"day":9,"hour":4,"minute":47},"nameShip":"ZMS","cargo":{"typeCargo":"LIQUID","weight":62833},"unloadDuration":{"day":0,"hour":13,"minute":25}},{"arriveTime":{"day":8,"hour":16,"minute":17},"nameShip":"MDX","cargo":{"typeCargo":"LOOSE","weight":48350},"unloadDuration":{"day":0,"hour":12,"minute":23}},{"arriveTime":{"day":27,"hour":12,"minute":16},"nameShip":"VSYG","cargo":{"typeCargo":"LIQUID","weight":61090},"unloadDuration":{"day":0,"hour":13,"minute":3}},{"arriveTime":{"day":9,"hour":12,"minute":2},"nameShip":"GFR","cargo":{"typeCargo":"CONTAINER","weight":5067},"unloadDuration":{"day":0,"hour":0,"minute":51}},{"arriveTime":{"day":7,"hour":2,"minute":42},"nameShip":"TF","cargo":{"typeCargo":"LIQUID","weight":50212},"unloadDuration":{"day":0,"hour":10,"minute":43}},{"arriveTime":{"day":29,"hour":5,"minute":49},"nameShip":"FSW","cargo":{"typeCargo":"LIQUID","weight":53371},"unloadDuration":{"day":0,"hour":11,"minute":24}},{"arriveTime":{"day":20,"hour":13,"minute":29},"nameShip":"SUFK","cargo":{"typeCargo":"LOOSE","weight":57165},"unloadDuration":{"day":0,"hour":14,"minute":39}},{"arriveTime":{"day":5,"hour":11,"minute":1},"nameShip":"ZREW","cargo":{"typeCargo":"CONTAINER","weight":3804},"unloadDuration":{"day":0,"hour":0,"minute":38}},{"arriveTime":{"day":9,"hour":9,"minute":10},"nameShip":"LO","cargo":{"typeCargo":"LOOSE","weight":48766},"unloadDuration":{"day":0,"hour":12,"minute":30}},{"arriveTime":{"day":18,"hour":17,"minute":18},"nameShip":"FZDL","cargo":{"typeCargo":"CONTAINER","weight":3218},"unloadDuration":{"day":0,"hour":0,"minute":32}},{"arriveTime":{"day":6,"hour":16,"minute":58},"nameShip":"TK","cargo":{"typeCargo":"LIQUID","weight":52927},"unloadDuration":{"day":0,"hour":11,"minute":18}},{"arriveTime":{"day":16,"hour":6,"minute":58},"nameShip":"DU","cargo":{"typeCargo":"LIQUID","weight":53828},"unloadDuration":{"day":0,"hour":11,"minute":30}},{"arriveTime":{"day":7,"hour":15,"minute":0},"nameShip":"LVG","cargo":{"typeCargo":"CONTAINER","weight":4784},"unloadDuration":{"day":0,"hour":0,"minute":48}},{"arriveTime":{"day":17,"hour":23,"minute":1},"nameShip":"TH","cargo":{"typeCargo":"LIQUID","weight":57619},"unloadDuration":{"day":0,"hour":12,"minute":18}},{"arriveTime":{"day":9,"hour":8,"minute":38},"nameShip":"UYL","cargo":{"typeCargo":"CONTAINER","weight":2061},"unloadDuration":{"day":0,"hour":0,"minute":20}},{"arriveTime":{"day":26,"hour":1,"minute":30},"nameShip":"TKW","cargo":{"typeCargo":"LOOSE","weight":56071},"unloadDuration":{"day":0,"hour":14,"minute":22}}]}