{"schedules":[{"arriveTime":{"day":12,"hour":13,"minute":2},"nameShip":"NVIP","cargo":{"typeCargo":"CONTAINER","weight":3702},"unloadDuration":{"day":0,"hour":0,"minute":37}},{"arriveTime":{"day":23,"hour":8,"minute":49},"nameShip":"XI","cargo":{"typeCargo":"CONTAINER","weight":2029},"unloadDuration":{"day":0,"hour":0,"minute":20}},{"arriveTime":{"day":15,"hour":14,"minute":9},"nameShip":"SSR","cargo":{"typeCargo":"LIQUID","weight":60033},"unloadDuration":{"day":0,"hour":12,"minute":49}},{"arriveTime":{"day":4,"hour":15,"minute":17},"nameShip":"KB","cargo":{"typeCargo":"LOOSE","weight":58152},"unloadDuration":{"day":0,"hour":14,"minute":54}},{"arriveTime":{"day":24,"hour":19,"minute":22},"nameShip":"NOCB","cargo":{"typeCargo":"LIQUID","weight":65625},"unloadDuration":{"day":0,"hour":14,"minute":1}},{"arriveTime":{"day":23,"hour":12,"minute":5},"nameShip":"FKLF","cargo":{"typeCargo":"CONTAINER","weight":2927},"unloadDuration":{"day":0,"hour":0,"minute":29}},{"arriveTime":{"day":8,"hour":21,"minute":8},"nameShip":"HHE","cargo":{"typeCargo":"LOOSE","weight":51948},"unloadDuration":{"day":0,"hour":13,"minute":19}},{"arriveTime":{"day":1,"hour":17,"minute":10},"nameShip":"PH","cargo":{"typeCargo":"CONTAINER","weight":3053},"unloadDuration":{"day":0,"hour":0,"minute":30}},{"arriveTime":{"day":5,"hour":19,"minute":28},"nameShip":"HVKA","cargo":{"typeCargo":"LOOSE","weight":48966},"unloadDuration":{"day":0,"hour":12,"minute":33}},{"arriveTime":{"day":19,"hour":1,"minute":38},"nameShip":"PLIW","cargo":{"typeCargo":"LOOSE","weight":49402},"unloadDuration":{"day":0,"hour":12,"minute":40}},{"arriveTime":{"day":14,"hour":19,"minute":32},"nameShip":"LP","cargo":{"typeCargo":"LIQUID","weight":61876},"unloadDuration":{"day":0,"hour":13,"minute":13}},{"arriveTime":{"day":7,"hour":10,"minute":53},"nameShip":"ARZ","cargo":{"typeCargo":"LOOSE","weight":44875},"unloadDuration":{"day":0,"hour":11,"minute":30}},{"arriveTime":{"day":19,"hour":9,"minute":15},"nameShip":"SYJ","cargo":{"typeCargo":"LIQUID","weight":55637},"unloadDuration":{"day":0,"hour":11,"minute":53}},{"arriveTime":{"day":28,"hour":3,"minute":3},"nameShip":"KO","cargo":{"typeCargo":"LOOSE","weight":42606},"unloadDuration":{"day":0,"hour":10,"minute":55}},{"arriveTime":{"day":6,"hour":7,"minute":20},"nameShip":"HRW","cargo":{"typeCargo":"LOOSE","weight":48320},"unloadDuration":{"day":0,"hour":12,"minute":23}},{"arriveTime":{"day":25,"hour":22,"minute":44},"nameShip":"SE","cargo":{"typeCargo":"LOOSE","weight":57110},"unloadDuration":{"day":0,"hour":14,"minute":38}},{"arriveTime":{"day":19,"hour":7,"minute":45},"nameShip":"EOQD","cargo":{"typeCargo":"CONTAINER","weight":2156},"unloadDuration":{"day":0,"hour":0,"minute":21}},{"arriveTime":{"day":28,"hour":2,"minute":13},"nameShip":"WKRO","cargo":{"typeCargo":"LIQUID","weight":50666},"unloadDuration":{"day":0,"hour":10,"minute":49}},{"arriveTime":{"day":7,"hour":12,"minute":57},"nameShip":"TE","cargo":{"typeCargo":"LOOSE","weight":47602},"unloadDuration":{"day":0,"hour":12,"minute":12}},{"arriveTime":{"day":15,"hour":4,"minute":12},"nameShip":"BEH","cargo":{"typeCargo":"LIQUID","weight":68826},"unloadDuration":{"day":0,"hour":14,"minute":42}},{"arriveTime":{"day":23,"hour":11,"minute":15},"nameShip":"BCS","cargo":{"typeCargo":"LOOSE","weight":49981},"unloadDuration":{"day":0,"hour":12,"minute":48}},{"arriveTime":{"day":7,"hour":18,"minute":24},"nameShip":"VI","cargo":{"typeCargo":"CONTAINER","weight":4814},"unloadDuration":{"day":0,"hour":0,"minute":48}},{"arriveTime":{"day":25,"hour":4,"minute":40},"nameShip":"SWA","cargo":{"typeCargo":"LOOSE","weight":46204},"unloadDuration":{"day":0,"hour":11,"minute":50}},{"arriveTime":{"day":23,"hour":2,"minute":52},"nameShip":"HYC","cargo":{"typeCargo":"LIQUID","weight":55351},"unloadDuration":{"day":0,"hour":11,"minute":49}},{"arriveTime":{"day":22,"hour":21,"minute":34},"nameShip":"AIB","cargo":{"typeCargo":"CONTAINER","weight":2996},"unloadDuration":{"day":0,"hour":0,"minute":30}},{"arriveTime":{"day":10,"hour":21,"minute":42},"nameShip":"IZD","cargo":{"typeCargo":"CONTAINER","weight":4582},"unloadDuration":{"day":0,"hour":0,"minute":46}},{"arriveTime":{"day":27,"hour":4,"minute":39},"nameShip":"UOU","cargo":{"typeCargo":"LIQUID","weight":55151},"unloadDuration":{"day":0,"hour":11,"minute":47}},{"arriveTime":{"day":15,"hour":12,"minute":3},"nameShip":"DPRO","cargo":{"typeCargo":"LIQUID","weight":60933},"unloadDuration":{"day":0,"hour":13,"minute":1}},{"arriveTime":{"day":8,"hour":0,"minute":26},"nameShip":"TZMB","cargo":{"typeCargo":"LIQUID","weight":60653},"unloadDuration":{"day":0,"hour":12,"minute":57}},{"arriveTime":{"day":28,"hour":9,"minute":53},"nameShip":"KM","cargo":{"typeCargo":"LOOSE","weight":42492},"unloadDuration":{"day":0,"hour":10,"minute":53}},{"arriveTime":{"day":3,"hour":4,"minute":44},"nameShip":"UVD","cargo":{"typeCargo":"LOOSE","weight":49480},"unloadDuration":{"day":0,"hour":12,"minute":41}},{"arriveTime":{"day":2,"hour":11,"minute":29},"nameShip":"PWD","cargo":{"typeCargo":"LIQUID","weight":60342},"unloadDuration":{"day":0,"hour":12,"minute":53}},{"arriveTime":{"day":1,"hour":7,"minute":10},"nameShip":"QGC","cargo":{"typeCargo":"LIQUID","weight":50880},"unloadDuration":{"day":0,"hour":10,"minute":52}},{"arriveTime":{"day":26,"hour":5,"minute":32},"nameShip":"VB","cargo":{"typeCargo":"LOOSE","weight":59363},"unloadDuration":{"day":0,"hour":15,"minute":13}},{"arriveTime":{"day":0,"hour":16,"minute":56},"nameShip":"CJJ","cargo":{"typeCargo":"LOOSE","weight":57114},"unloadDuration":{"day":0,"hour":14,"minute":38}},{"arriveTime":{"day":13,"hour":4,"minute":29},"nameShip":"JMA","cargo":{"typeCargo":"LOOSE","weight":57989},"unloadDuration":{"day":0,"hour":14,"minute":52}},{"arriveTime":{"day":23,"hour":9,"minute":56},"nameShip":"RGB","cargo":{"typeCargo":"LOOSE","weight":48870},"unloadDuration":{"day":0,"hour":12,"minute":31}},{"arriveTime":{"day":11,"hour":9,"minute":57},"nameShip":"VAE","cargo":{"typeCargo":"CONTAINER","weight":4176},"unloadDuration":{"day":0,"hour":0,"minute":42}},{"arriveTime":{"day":12,"hour":0,"minute":24},"nameShip":"YERO","cargo":{"typeCargo":"LOOSE","weight":50826},"unloadDuration":{"day":0,"hour":13,"minute":1}},{"arriveTime":{"day":11,"hour":9,"minute":34},"nameShip":"XPN","cargo":{"typeCargo":"CONTAINER","weight":5593},"unloadDuration":{"day":0,"hour":0,"minute":56}},{"arriveTime":{"day":14,"hour":15,"minute":28},"nameShip":"JAL","cargo":{"typeCargo":"CONTAINER","weight":4662},"unloadDuration":{"day":0,"hour":0,"minute":47}},{"arriveTime":{"day":17,"hour":14,"minute":1},"nameShip":"NACF","cargo":{"typeCargo":"LIQUID","weight":57806},"unloadDuration":{"day":0,"hour":12,"minute":21}},{"arriveTime":{"day":28,"hour":1,"minute":8},"nameShip":"XO","cargo":{"typeCargo":"LIQUID","weight":64538},"unloadDuration":{"day":0,"hour":13,"minute":47}},{"arriveTime":{"day":11,"hour":13,"minute":21},"nameShip":"VZFQ","cargo":{"typeCargo":"LIQUID","weight":68608},"unloadDuration":{"day":0,"hour":14,"minute":39}},{"arriveTime":{"day":12,"hour":18,"minute":37},"nameShip":"MT","cargo":{"typeCargo":"LIQUID","weight":65919},"unloadDuration":{"day":0,"hour":14,"minute":5}},{"arriveTime":{"day":16,"hour":2,"minute":48},"nameShip":"TUM","cargo":{"typeCargo":"LOOSE","weight":58486},"unloadDuration":{"day":0,"hour":14,"minute":59}},{"arriveTime":{"day":12,"hour":21,"minute":19},"nameShip":"WMFQ","cargo":{"typeCargo":"LIQUID","weight":50804},"unloadDuration":{"day":0,"hour":10,"minute":51}},{"arriveTime":{"day":28,"hour":20,"minute":25},"nameShip":"AE","cargo":{"typeCargo":"LIQUID","weight":58487},"unloadDuration":{"day":0,"hour":12,"minute":29}},{"arriveTime":{"day":5,"hour":1,"minute":50},"nameShip":"JXIV","cargo":{"typeCargo":"LIQUID","weight":58115},"unloadDuration":{"day":0,"hour":12,"minute":25}},{"arriveTime":{"day":1,"hour":17,"minute":45},"nameShip":"GI","cargo":{"typeCargo":"LOOSE","weight":45525},"unloadDuration":{"day":0,"hour":11,"minute":40}},{"arriveTime":{"day":19,"hour":8,"minute":26},"nameShip":"ERWE","cargo":{"typeCargo":"LIQUID","weight":50132},"unloadDuration":{"day":0,"hour":10,"minute":42}},{"arriveTime":{"day":11,"hour":8,"minute":27},"nameShip":"WHSG","cargo":{"typeCargo":"CONTAINER","weight":5423},"unloadDuration":{"day":0,"hour":0,"minute":54}},{"arriveTime":{"day":5,"hour":10,"minute":31},"nameShip":"VJV","cargo":{"typeCargo":"CONTAINER","weight":4981},"unloadDuration":{"day":0,"hour":0,"minute":50}},{"arriveTime":{"day":5,"hour":20,"minute":15},"nameShip":"PAK","cargo":{"typeCargo":"CONTAINER","weight":4302},"unloadDuration":{"day":0,"hour":0,"minute":43}},{"arriveTime":{"day":21,"hour":17,"minute":7},"nameShip":"AYLD","cargo":{"typeCargo":"CONTAINER","weight":2933},"unloadDuration":{"day":0,"hour":0,"minute":29}},{"arriveTime":{"day":9,"hour":13,"minute":47},"nameShip":"YI","cargo":{"typeCargo":"LOOSE","weight":53243},"unloadDuration":{"day":0,"hour":13,"minute":39}},{"arriveTime":{"day":4,"hour":10,"minute":21},"nameShip":"ZZLK","cargo":{"typeCargo":"LOOSE","weight":42453},"unloadDuration":{"day":0,"hour":10,"minute":53}},{"arriveTime":{"day":1,"hour":13,"minute":46},"nameShip":"YSTY","cargo":{"typeCargo":"LIQUID","weight":68765},"unloadDuration":{"day":0,"hour":14,"minute":41}},{"arriveTime":{"day":7,"hour":18,"minute":3},"nameShip":"QI","cargo":{"typeCargo":"CONTAINER","weight":5755},"unloadDuration":{"day":0,"hour":0,"minute":58}},{"arriveTime":{"day":7,"hour":13,"minute":54},"nameShip":"AWK","cargo":{"typeCargo":"LOOSE","weight":46364},"unloadDuration":{"day":0,"hour":11,"minute":53}},{"arriveTime":{"day":10,"hour":23,"minute":47},"nameShip":"JMER","cargo":{"typeCargo":"CONTAINER","weight":2509},"unloadDuration":{"day":0,"hour":0,"minute":25}},{"arriveTime":{"day":20,"hour":7,"minute":57},"nameShip":"INRS","cargo":{"typeCargo":"LIQUID","weight":69987},"unloadDuration":{"day":0,"hour":14,"minute":57}},{"arriveTime":{"day":21,"hour":3,"minute":34},"nameShip":"KWHT","cargo":{"typeCargo":"LIQUID","weight":57272},"unloadDuration":{"day":0,"hour":12,"minute":14}},{"arriveTime":{"day":28,"hour":9,"minute":8},"nameShip":"QP","cargo":{"typeCargo":"LOOSE","weight":52625},"unloadDuration":{"day":0,"hour":13,"minute":29}},{"arriveTime":{"day":3,"hour":2,"minute":19},"nameShip":"DKFO","cargo":{"typeCargo":"LOOSE","weight":41626},"unloadDuration":{"day":0,"hour":10,"minute":40}},{"arriveTime":{"day":4,"hour":12,"minute":54},"nameShip":"FVS","cargo":{"typeCargo":"LOOSE","weight":41415},"unloadDuration":{"day":0,"hour":10,"minute":37}},{"arriveTime":{"day":15,"hour":15,"minute":15},"nameShip":"REN","cargo":{"typeCargo":"LOOSE","weight":48195},"unloadDuration":{"day":0,"hour":12,"minute":21}},{"arriveTime":{"day":22,"hour":9,"minute":45},"nameShip":"NEBV","cargo":{"typeCargo":"LOOSE","weight":45570},"unloadDuration":{"day":0,"hour":11,"minute":41}},{"arriveTime":{"day":9,"hour":15,"minute":28},"nameShip":"FCAR","cargo":{"typeCargo":"CONTAINER","weight":3037},"unloadDuration":{"day":0,"hour":0,"minute":30}},{"arriveTime":{"day":18,"hour":5,"minute":3},"nameShip":"CZCY","cargo":{"typeCargo":"LOOSE","weight":58198},"unloadDuration":{"day":0,"hour":14,"minute":55}},{"arriveTime":{"day":13,"hour":1,"minute":32},"nameShip":"KXQ","cargo":{"typeCargo":"CONTAINER","weight":4306},"unloadDuration":{"day":0,"hour":0,"minute":43}},{"arriveTime":{"day":2,"hour":5,"minute":36},"nameShip":"XK","cargo":{"typeCargo":"LOOSE","weight":53936},"unloadDuration":{"day":0,"hour":13,"minute":49}},{"arriveTime":{"day":14,"hour":3,"minute":30},"nameShip":"XSV","cargo":{"typeCargo":"LOOSE","weight":59029},"unloadDuration":{"day":0,"hour":15,"minute":8}},{"arriveTime":{"day":3,"hour":15,"minute":44},"nameShip":"PSZR","cargo":{"typeCargo":"CONTAINER","weight":4542},"unloadDuration":{"day":0,"hour":0,"minute":45}},{"arriveTime":{"day":21,"hour":19,"minute":58},"nameShip":"JK","cargo":{"typeCargo":"LIQUID","weight":67748},"unloadDuration":{"day":0,"hour":14,"minute":28}},{"arriveTime":{"day":10,"hour":6,"minute":42},"nameShip":"GUKI","cargo":{"typeCargo":"LIQUID","weight":64047},"unloadDuration":{"day":0,"hour":13,"minute":41}},{"arriveTime":{"day":10,"hour":12,"minute":7},"nameShip":"KBW","cargo":{"typeCargo":"CONTAINER","weight":3622},"unloadDuration":{"day":0,"hour":0,"minute":36}},{"arriveTime":{"day":19,"hour":1,"minute":28},"nameShip":"QXY","cargo":{"typeCargo":"CONTAINER","weight":4170},"unloadDuration":{"day":0,"hour":0,"minute":42}},{"arriveTime":{"day":23,"hour":2,"minute":14},"nameShip":"FM","cargo":{"typeCargo":"LOOSE","weight":40706},"unloadDuration":{"day":0,"hour":10,"minute":26}},{"arriveTime":{"day":21,"hour":5,"minute":25},"nameShip":"DPW","cargo":{"typeCargo":"CONTAINER","weight":4518},"unloadDuration":{"day":0,"hour":0,"minute":45}},{"arriveTime":{"day":17,"hour":19,"minute":4},"nameShip":"TF","cargo":{"typeCargo":"LIQUID","weight":50881},"unloadDuration":{"day":0,"hour":10,"minute":52}},{"arriveTime":{"day":17,"hour":9,"minute":22},"nameShip":"VBIJ","cargo":{"typeCargo":"LOOSE","weight":48676},"unloadDuration":{"day":0,"hour":12,"minute":28}},{"arriveTime":{"day":8,"hour":10,"minute":46},"nameShip":"IG","cargo":{"typeCargo":"LIQUID","weight":58149},"unloadDuration":{"day":0,"hour":12,"minute":25}},{"arriveTime":{"day":1,"hour":22,"minute":42},"nameShip":"JV","cargo":{"typeCargo":"LIQUID","weight":56997},"unloadDuration":{"day":0,"hour":12,"minute":10}},{"arriveTime":{"day":3,"hour":17,"minute":54},"nameShip":"PRRJ","cargo":{"typeCargo":"CONTAINER","weight":2465},"unloadDuration":{"day":0,"hour":0,"minute":24}},{"arriveTime":{"day":24,"hour":2,"minute":12},"nameShip":"SHL","cargo":{"typeCargo":"LIQUID","weight":62256},"unloadDuration":{"day":0,"hour":13,"minute":18}},{"arriveTime":{"day":25,"hour":20,"minute":24},"nameShip":"IBB","cargo":{"typeCargo":"CONTAINER","weight":2013},"unloadDuration":{"day":0,"hour":0,"minute":20}},{"arriveTime":{"day":24,"hour":10,"minute":48},"nameShip":"LJO","cargo":{"typeCargo":"LIQUID","weight":55207},"unloadDuration":{"day":0,"hour":11,"minute":47}},{"arriveTime":{"day":11,"hour":5,"minute":20},"nameShip":"QVV","cargo":{"typeCargo":"CONTAINER","weight":2475},"unloadDuration":{"day":0,"hour":0,"minute":25}},{"arriveTime":{"day":20,"hour":1,"minute":26},"nameShip":"UY","cargo":{"typeCargo":"CONTAINER","weight":5431},"unloadDuration":{"day":0,"hour":0,"minute":54}},{"arriveTime":{"day":18,"hour":12,"minute":54},"nameShip":"SAXW","cargo":{"typeCargo":"LIQUID","weight":60065},"unloadDuration":{"day":0,"hour":12,"minute":50}},{"arriveTime":{"day":0,"hour":11,"minute":43},"nameShip":"TBG","cargo":{"typeCargo":"CONTAINER","weight":2855},"unloadDuration":{"day":0,"hour":0,"minute":28}},{"arriveTime":{"day":11,"hour":23,"minute":9},"nameShip":"JPAA","cargo":{"typeCargo":"LOOSE","weight":57997},"unloadDuration":{"day":0,"hour":14,"minute":52}},{"arriveTime":{"day":3,"hour":7,"minute":29},"nameShip":"MYG","cargo":{"typeCargo":"LOOSE","weight":50853},"unloadDuration":{"day":0,"hour":13,"minute":2}},{"arriveTime":{"day":13,"hour":16,"minute":2},"nameShip":"JAY","cargo":{"typeCargo":"CONTAINER","weight":5629},"unloadDuration":{"day":0,"hour":0,"minute":56}},{"arriveTime":{"day":4,"hour":19,"minute":29},"nameShip":"LPR","cargo":{"typeCargo":"LIQUID","weight":58072},"unloadDuration":{"day":0,"hour":12,"minute":24}},{"arriveTime":{"day":22,"hour":16,"minute":4},"nameShip":"KD","cargo":{"typeCargo":"LOOSE","weight":46883},"unloadDuration":{"day":0,"hour":12,"minute":1}},{"arriveTime":{"day":15,"hour":20,"minute":32},"nameShip":"IVDX","cargo":{"typeCargo":"LIQUID","weight":61086},"unloadDuration":{"day":0,"hour":13,"minute":3}},{"arriveTime":{"day":24,"hour":11,"minute":13},"nameShip":"BWA","cargo":{"typeCargo":"LIQUID","weight":54462},"unloadDuration":{"day":0,"hour":11,"minute":38}},{"arriveTime":{"day":21,"hour":16,"minute":45},"nameShip":"WKKH","cargo":{"typeCargo":"LOOSE","weight":48211},"unloadDuration":{"day":0,"hour":12,"minute":21}},{"arriveTime":{"day":7,"hour":15,"minute":6},"nameShip":"AS","cargo":{"typeCargo":"CONTAINER","weight":5719},"unloadDuration":{"day":0,"hour":0,"minute":57}},{"arriveTime":{"day":9,"hour":13,"minute":31},"nameShip":"CDSK","cargo":{"typeCargo":"LIQUID","weight":66232},"unloadDuration":{"day":0,"hour":14,"minute":9}},{"arriveTime":{"day":8,"hour":4,"minute":16},"nameShip":"OY","cargo":{"typeCargo":"LIQUID","weight":63132},"unloadDuration":{"day":0,"hour":13,"minute":29}},{"arriveTime":{"day":19,"hour":19,"minute":44},"nameShip":"PA","cargo":{"typeCargo":"CONTAINER","weight":5906},"unloadDuration":{"day":0,"hour":0,"minute":59}},{"arriveTime":{"day":3,"hour":20,"minute":19},"nameShip":"PW","cargo":{"typeCargo":"LOOSE","weight":44853},"unloadDuration":{"day":0,"hour":11,"minute":30}},{"arriveTime":{"day":3,"hour":6,"minute":47},"nameShip":"PHZ","cargo":{"typeCargo":"CONTAINER","weight":5977},"unloadDuration":{"day":0,"hour":1,"minute":0}},{"arriveTime":{"day":27,"hour":11,"minute":31},"nameShip":"ICSI","cargo":{"typeCargo":"LIQUID","weight":62587},"unloadDuration":{"day":0,"hour":13,"minute":22}},{"arriveTime":{"day":18,"hour":13,"minute":18},"nameShip":"VIO","cargo":{"typeCargo":"LOOSE","weight":51417},"unloadDuration":{"day":0,"hour":13,"minute":11}},{"arriveTime":{"day":29,"hour":12,"minute":27},"nameShip":"YE","cargo":{"typeCargo":"CONTAINER","weight":4988},"unloadDuration":{"day":0,"hour":0,"minute":50}},{"arriveTime":{"day":16,"hour":23,"minute":20},"nameShip":"EDUO","cargo":{"typeCargo":"LOOSE","weight":51024},"unloadDuration":{"day":0,"hour":13,"minute":4}},{"arriveTime":{"day":0,"hour":19,"minute":9},"nameShip":"MZXV","cargo":{"typeCargo":"LOOSE","weight":54680},"unloadDuration":{"day":0,"hour":14,"minute":1}},{"arriveTime":{"day":29,"hour":18,"minute":5},"nameShip":"ZS","cargo":{"typeCargo":"CONTAINER","weight":3956},"unloadDuration":{"day":0,"hour":0,"minute":39}},{"arriveTime":{"day":7,"hour":2,"minute":45},"nameShip":"OKDE","cargo":{"typeCargo":"CONTAINER","weight":4813},"unloadDuration":{"day":0,"hour":0,"minute":48}},{"arriveTime":{"day":2,"hour":14,"minute":7},"nameShip":"IVCV","cargo":{"typeCargo":"LIQUID","weight":53629},"unloadDuration":{"day":0,"hour":11,"minute":27}},{"arriveTime":{"day":15,"hour":15,"minute":30},"nameShip":"YAI","cargo":{"typeCargo":"LIQUID","weight":58478},"unloadDuration":{"day":0,"hour":12,"minute":29}},{"arriveTime":{"day":27,"hour":21,"minute":29},"nameShip":"ABXA","cargo":{"typeCargo":"LOOSE","weight":40720},"unloadDuration":{"day":0,"hour":10,"minute":26}},{"arriveTime":{"day":23,"hour":3,"minute":2},"nameShip":"ZPZ","cargo":{"typeCargo":"CONTAINER","weight":2664},"unloadDuration":{"day":0,"hour":0,"minute":26}},{"arriveTime":{"day":10,"hour":8,"minute":54},"nameShip":"PMRV","cargo":{"typeCargo":"LOOSE","weight":54872},"unloadDuration":{"day":0,"hour":14,"minute":4}},{"arriveTime":{"day":14,"hour":19,"minute":29},"nameShip":"PI","cargo":{"typeCargo":"CONTAINER","weight":5319},"unloadDuration":{"day":0,"hour":0,"minute":53}},{"arriveTime":{"day":2,"hour":9,"minute":23},"nameShip":"SG","cargo":{"typeCargo":"CONTAINER","weight":3328},"unloadDuration":{"day":0,"hour":0,"minute":33}},{"arriveTime":{"day":20,"hour":14,"minute":24},"nameShip":"JX","cargo":{"typeCargo":"LIQUID","weight":57841},"unloadDuration":{"day":0,"hour":12,"minute":21}},{"arriveTime":{"day":18,"hour":3,"minute":48},"nameShip":"BDO","cargo":{"typeCargo":"LIQUID","weight":69901},"unloadDuration":{"day":0,"hour":14,"minute":56}},{"arriveTime":{"day":6,"hour":0,"minute":13},"nameShip":"HV","cargo":{"typeCargo":"LOOSE","weight":51908},"unloadDuration":{"day":0,"hour":13,"minute":18}},{"arriveTime":{"day":24,"hour":2,"minute":31},"nameShip":"XOS","cargo":{"typeCargo":"LOOSE","weight":48114},"unloadDuration":{"day":0,"hour":12,"minute":20}},{"arriveTime":{"day":18,"hour":16,"minute":31},"nameShip":"QFVK","cargo":{"typeCargo":"LOOSE","weight":56745},"unloadDuration":{"day":0,"hour":14,"minute":33}},{"arriveTime":{"day":25,"hour":18,"minute":25},"nameShip":"FZR","cargo":{"typeCargo":"CONTAINER","weight":4551},"unloadDuration":{"day":0,"hour":0,"minute":45}},{"arriveTime":{"day":13,"hour":19,"minute":16},"nameShip":"AS","cargo":{"typeCargo":"LIQUID","weight":50733},"unloadDuration":{"day":0,"hour":10,"minute":50}},{"arriveTime":{"day":5,"hour":20,"minute":4},"nameShip":"OPZK","cargo":{"typeCargo":"LOOSE","weight":50713},"unloadDuration":{"day":0,"hour":13,"minute":0}},{"arriveTime":{"day":27,"hour":2,"minute":37},"nameShip":"GOJ","cargo":{"typeCargo":"LOOSE","weight":42899},"unloadDuration":{"day":0,"hour":10,"minute":59}},{"arriveTime":{"day":13,"hour":17,"minute":53},"nameShip":"MTF","cargo":{"typeCargo":"CONTAINER","weight":5581},"unloadDuration":{"day":0,"hour":0,"minute":56}},{"arriveTime":{"day":21,"hour":9,"minute":4},"nameShip":"WJKP","cargo":{"typeCargo":"CONTAINER","weight":2924},"unloadDuration":{"day":0,"hour":0,"minute":29}},{"arriveTime":{"day":25,"hour":13,"minute":44},"nameShip":"CR","cargo":{"typeCargo":"CONTAINER","weight":2963},"unloadDuration":{"day":0,"hour":0,"minute":29}},{"arriveTime":{"day":12,"hour":9,"minute":13},"nameShip":"IU","cargo":{"typeCargo":"CONTAINER","weight":2702},"unloadDuration":{"day":0,"hour":0,"minute":27}},{"arriveTime":{"day":13,"hour":14,"minute":36},"nameShip":"LQ","cargo":{"typeCargo":"LIQUID","weight":54924},"unloadDuration":{"day":0,"hour":11,"minute":44}},{"arriveTime":{"day":27,"hour":18,"minute":53},"nameShip":"ZT","cargo":{"typeCargo":"LIQUID","weight":67581},"unloadDuration":{"day":0,"hour":14,"minute":26}},{"arriveTime":{"day":3,"hour":23,"minute":11},"nameShip":"VWG","cargo":{"typeCargo":"LOOSE","weight":58588},"unloadDuration":{"day":0,"hour":15,"minute":1}},{"arriveTime":{"day":11,"hour":17,"minute":32},"nameShip":"ZH","cargo":{"typeCargo":"LOOSE","weight":43450},"unloadDuration":{"day":0,"hour":11,"minute":8}},{"arriveTime":{"day":11,"hour":19,"minute":55},"nameShip":"BYK","cargo":{"typeCargo":"CONTAINER","weight":5960},"unloadDuration":{"day":0,"hour":1,"minute":0}},{"arriveTime":{"day":4,"hour":12,"minute":25},"nameShip":"NO","cargo":{"typeCargo":"CONTAINER","weight":5560},"unloadDuration":{"day":0,"hour":0,"minute":56}},{"arriveTime":{"day":15,"hour":14,"minute":41},"nameShip":"CNJ","cargo":{"typeCargo":"LIQUID","weight":69428},"unloadDuration":{"day":0,"hour":14,"minute":50}},{"arriveTime":{"day":6,"hour":7,"minute":12},"nameShip":"HP","cargo":{"typeCargo":"CONTAINER","weight":4454},"unloadDuration":{"day":0,"hour":0,"minute":44}},{"arriveTime":{"day":14,"hour":6,"minute":15},"nameShip":"NJIM","cargo":{"typeCargo":"CONTAINER","weight":2152},"unloadDuration":{"day":0,"hour":0,"minute":21}},{"arriveTime":{"day":3,"hour":18,"minute":35},"nameShip":"ALOC","cargo":{"typeCargo":"LIQUID","weight":63796},"unloadDuration":{"day":0,"hour":13,"minute":37}},{"arriveTime":{"day":26,"hour":17,"minute":8},"nameShip":"QONO","cargo":{"typeCargo":"CONTAINER","weight":5495},"unloadDuration":{"day":0,"hour":0,"minute":55}},{"arriveTime":{"day":17,"hour":21,"minute":11},"nameShip":"JUN","cargo":{"typeCargo":"LOOSE","weight":43206},"unloadDuration":{"day":0,"hour":11,"minute":4}},{"arriveTime":{"day":3,"hour":22,"minute":4},"nameShip":"MCJQ","cargo":{"typeCargo":"LIQUID","weight":63855},"unloadDuration":{"day":0,"hour":13,"minute":38}},{"arriveTime":{"day":13,"hour":6,"minute":26},"nameShip":"FU","cargo":{"typeCargo":"LOOSE","weight":43569},"unloadDuration":{"day":0,"hour":11,"minute":10}},{"arriveTime":{"day":5,"hour":19,"minute":23},"nameShip":"NY","cargo":{"typeCargo":"LIQUID","weight":56219},"unloadDuration":{"day":0,"hour":12,"minute":0}},{"arriveTime":{"day":12,"hour":10,"minute":24},"nameShip":"FC","cargo":{"typeCargo":"LOOSE","weight":47625},"unloadDuration":{"day":0,"hour":12,"minute":12}},{"arriveTime":{"day":26,"hour":10,"minute":38},"nameShip":"QK","cargo":{"typeCargo":"LOOSE","weight":43757},"unloadDuration":{"day":0,"hour":11,"minute":13}},{"arriveTime":{"day":27,"hour":8,"minute":36},"nameShip":"NHZD","cargo":{"typeCargo":"LOOSE","weight":42212},"unloadDuration":{"day":0,"hour":10,"minute":49}},{"arriveTime":{"day":17,"hour":3,"minute":59},"nameShip":"FOD","cargo":{"typeCargo":"CONTAINER","weight":5972},"unloadDuration":{"day":0,"hour":1,"minute":0}},{"arriveTime":{"day":22,"hour":18,"minute":33},"nameShip":"SXZ","cargo":{"typeCargo":"LOOSE","weight":51931},"unloadDuration":{"day":0,"hour":13,"minute":18}},{"arriveTime":{"day":15,"hour":14,"minute":13},"nameShip":"CU","cargo":{"typeCargo":"CONTAINER","weight":3870},"unloadDuration":{"day":0,"hour":0,"minute":39}},{"arriveTime":{"day":11,"hour":11,"minute":50},"nameShip":"ML","cargo":{"typeCargo":"CONTAINER","weight":3715},"unloadDuration":{"day":0,"hour":0,"minute":37}},{"arriveTime":{"day":10,"hour":15,"minute":51},"nameShip":"RUA","cargo":{"typeCargo":"LIQUID","weight":64532},"unloadDuration":{"day":0,"hour":13,"minute":47}},{"arriveTime":{"day":4,"hour":1,"minute":21},"nameShip":"IZAE","cargo":{"typeCargo":"CONTAINER","weight":3108},"unloadDuration":{"day":0,"hour":0,"minute":31}},{"arriveTime":{"day":25,"hour":21,"minute":7},"nameShip":"WBVW","cargo":{"typeCargo":"LIQUID","weight":69906},"unloadDuration":{"day":0,"hour":14,"minute":56}},{"arriveTime":{"day":4,"hour":20,"minute":6},"nameShip":"IHP","cargo":{"typeCargo":"LIQUID","weight":64620},"unloadDuration":{"day":0,"hour":13,"minute":48}},{"arriveTime":{"day":5,"hour":11,"minute":44},"nameShip":"KEWJ","cargo":{"typeCargo":"LIQUID","weight":61682},"unloadDuration":{"day":0,"hour":13,"minute":10}},{"arriveTime":{"day":19,"hour":12,"minute":35},"nameShip":"PWLT","cargo":{"typeCargo":"LOOSE","weight":58166},"unloadDuration":{"day":0,"hour":14,"minute":54}},{"arriveTime":{"day":20,"hour":10,"minute":7},"nameShip":"HP","cargo":{"typeCargo":"CONTAINER","weight":3564},"unloadDuration":{"day":0,"hour":0,"minute":36}},{"arriveTime":{"day":15,"hour":19,"minute":36},"nameShip":"QFXL","cargo":{"typeCargo":"CONTAINER","weight":4470},"unloadDuration":{"day":0,"hour":0,"minute":45}},{"arriveTime":{"day":26,"hour":0,"minute":8},"nameShip":"HRJQ","cargo":{"typeCargo":"LOOSE","weight":55344},"unloadDuration":{"day":0,"hour":14,"minute":11}},{"arriveTime":{"day":25,"hour":12,"minute":45},"nameShip":"TPME","cargo":{"typeCargo":"LIQUID","weight":52565},"unloadDuration":{"day":0,"hour":11,"minute":13}},{"arriveTime":{"day":10,"hour":7,"minute":21},"nameShip":"AEXG","cargo":{"typeCargo":"LIQUID","weight":56820},"unloadDuration":{"day":0,"hour":12,"minute":8}},{"arriveTime":{"day":16,"hour":8,"minute":39},"nameShip":"NF","cargo":{"typeCargo":"CONTAINER","weight":2550},"unloadDuration":{"day":0,"hour":0,"minute":25}},{"arriveTime":{"day":28,"hour":15,"minute":52},"nameShip":"EGWS","cargo":{"typeCargo":"LOOSE","weight":52552},"unloadDuration":{"day":0,"hour":13,"minute":28}},{"arriveTime":{"day":10,"hour":4,"minute":17},"nameShip":"TX","cargo":{"typeCargo":"LOOSE","weight":44788},"unloadDuration":{"day":0,"hour":11,"minute":29}},{"arriveTime":{"day":21,"hour":12,"minute":16},"nameShip":"IXY","cargo":{"typeCargo":"LIQUID","weight":60537},"unloadDuration":{"day":0,"hour":12,"minute":56}},{"arriveTime":{"day":28,"hour":22,"minute":51},"nameShip":"WWR","cargo":{"typeCargo":"CONTAINER","weight":5696},"unloadDuration":{"day":0,"hour":0,"minute":57}},{"arriveTime":{"day":22,"hour":3,"minute":42},"nameShip":"QRJ","cargo":{"typeCargo":"LOOSE","weight":45995},"unloadDuration":{"day":0,"hour":11,"minute":47}},{"arriveTime":{"day":15,"hour":19,"minute":4},"nameShip":"UFPO","cargo":{"typeCargo":"LIQUID","weight":68118},"unloadDuration":{"day":0,"hour":14,"minute":33}},{"arriveTime":{"day":2,"hour":20,"minute":56},"nameShip":"JY","cargo":{"typeCargo":"LOOSE","weight":45766},"unloadDuration":{"day":0,"hour":11,"minute":44}},{"arriveTime":{"day":15,"hour":23,"minute":3},"nameShip":"TMAF","cargo":{"typeCargo":"CONTAINER","weight":5571},"unloadDuration":{"day":0,"hour":0,"minute":56}},{"arriveTime":{"day":10,"hour":19,"minute":13},"nameShip":"VH","cargo":{"typeCargo":"LOOSE","weight":51476},"unloadDuration":{"day":0,"hour":13,"minute":11}},{"arriveTime":{"day":29,"hour":18,"minute":32},"nameShip":"FXZS","cargo":{"typeCargo":"LIQUID","weight":69031},"unloadDuration":{"day":0,"hour":14,"minute":45}},{"arriveTime":{"day":6,"hour":10,"minute":17},"nameShip":"GRXB","cargo":{"typeCargo":"CONTAINER","weight":3388},"unloadDuration":{"day":0,"hour":0,"minute":34}},{"arriveTime":{"day":19,"hour":6,"minute":15},"nameShip":"AO","cargo":{"typeCargo":"LOOSE","weight":51430},"unloadDuration":{"day":0,"hour":13,"minute":11}},{"arriveTime":{"day":4,"hour":0,"minute":57},"nameShip":"ZE","cargo":{"typeCargo":"LIQUID","weight":69099},"unloadDuration":{"day":0,"hour":14,"minute":45}},{"arriveTime":{"day":20,"hour":18,"minute":47},"nameShip":"HZQ","cargo":{"typeCargo":"CONTAINER","weight":4781},"unloadDuration":{"day":0,"hour":0,"minute":48}},{"arriveTime":{"day":18,"hour":20,"minute":13},"nameShip":"EQ","cargo":{"typeCargo":"LIQUID","weight":53923},"unloadDuration":{"day":0,"hour":11,"minute":31}},{"arriveTime":{"day":23,"hour":16,"minute":42},"nameShip":"WLL","cargo":{"typeCargo":"LIQUID","weight":54232},"unloadDuration":{"day":0,"hour":11,"minute":35}},{"arriveTime":{"day":18,"hour":13,"minute":2},"nameShip":"IJM","cargo":{"typeCargo":"LIQUID","weight":56692},"unloadDuration":{"day":0,"hour":12,"minute":6}},{"arriveTime":{"day":4,"hour":5,"minute":55},"nameShip":"NCMN","cargo":{"typeCargo":"LIQUID","weight":53599},"unloadDuration":{"day":0,"hour":11,"minute":27}},{"arriveTime":{"day":16,"hour":1,"minute":59},"nameShip":"DTWK","cargo":{"typeCargo":"CONTAINER","weight":4760},"unloadDuration":{"day":0,"hour":0,"minute":48}},{"arriveTime":{"day":9,"hour":6,"minute":57},"nameShip":"BMH","cargo":{"typeCargo":"CONTAINER","weight":5385},"unloadDuration":{"day":0,"hour":0,"minute":54}},{"arriveTime":{"day":6,"hour":15,"minute":5},"nameShip":"UY","cargo":{"typeCargo":"LIQUID","weight":56638},"unloadDuration":{"day":0,"hour":12,"minute":6}},{"arriveTime":{"day":16,"hour":9,"minute":2},"nameShip":"SKAU","cargo":{"typeCargo":"LOOSE","weight":59654},"unloadDuration":{"day":0,"hour":15,"minute":17}},{"arriveTime":{"day":4,"hour":7,"minute":46},"nameShip":"KXLX","cargo":{"typeCargo":"LIQUID","weight":69124},"unloadDuration":{"day":0,"hour":14,"minute":46}},{"arriveTime":{"day":20,"hour":23,"minute":40},"nameShip":"UUZN","cargo":{"typeCargo":"LOOSE","weight":47153},"unloadDuration":{"day":0,"hour":12,"minute":5}},{"arriveTime":{"day":24,"hour":15,"minute":21},"nameShip":"AXJ","cargo":{"typeCargo":"LOOSE","weight":43060},"unloadDuration":{"day":0,"hour":11,"minute":2}},{"arriveTime":{"day":8,"hour":19,"minute":56},"nameShip":"WK","cargo":{"typeCargo":"CONTAINER","weight":2109},"unloadDuration":{"day":0,"hour":0,"minute":21}},{"arriveTime":{"day":29,"hour":22,"minute":19},"nameShip":"ZVBF","cargo":{"typeCargo":"LOOSE","weight":59856},"unloadDuration":{"day":0,"hour":15,"minute":20}},{"arriveTime":{"day":28,"hour":19,"minute":49},"nameShip":"ALDR","cargo":{"typeCargo":"CONTAINER","weight":3744},"unloadDuration":{"day":0,"hour":0,"minute":37}},{"arriveTime":{"day":0,"hour":23,"minute":35},"nameShip":"JH","cargo":{"typeCargo":"CONTAINER","weight":5059},"unloadDuration":{"day":0,"hour":0,"minute":51}},{"arriveTime":{"day":5,"hour":11,"minute":45},"nameShip":"PLYO","cargo":{"typeCargo":"LIQUID","weight":69281},"unloadDuration":{"day":0,"hour":14,"minute":48}},{"arriveTime":{"day":19,"hour":22,"minute":37},"nameShip":"FS","cargo":{"typeCargo":"CONTAINER","weight":2869},"unloadDuration":{"day":0,"hour":0,"minute":28}},{"arriveTime":{"day":28,"hour":21,"minute":27},"nameShip":"QUBA","cargo":{"typeCargo":"CONTAINER","weight":2104},"unloadDuration":{"day":0,"hour":0,"minute":21}},{"arriveTime":{"day":12,"hour":21,"minute":35},"nameShip":"DVX","cargo":{"typeCargo":"LOOSE","weight":45553},"unloadDuration":{"day":0,"hour":11,"minute":40}},{"arriveTime":{"day":23,"hour":17,"minute":28},"nameShip":"FE","cargo":{"typeCargo":"LIQUID","weight":54527},"unloadDuration":{"day":0,"hour":11,"minute":39}},{"arriveTime":{"day":18,"hour":10,"minute":59},"nameShip":"IDHF","cargo":{"typeCargo":"LOOSE","weight":55709},"unloadDuration":{"day":0,"hour":14,"minute":17}},{"arriveTime":{"day":19,"hour":7,"minute":16},"nameShip":"BK","cargo":{"typeCargo":"LOOSE","weight":49779},"unloadDuration":{"day":0,"hour":12,"minute":45}},{"arriveTime":{"day":21,"hour":0,"minute":8},"nameShip":"IHZ","cargo":{"typeCargo":"LIQUID","weight":63971},"unloadDuration":{"day":0,"hour":13,"minute":40}},{"arriveTime":{"day":19,"hour":14,"minute":32},"nameShip":"TY","cargo":{"typeCargo":"CONTAINER","weight":5329},"unloadDuration":{"day":0,"hour":0,"minute":53}},{"arriveTime":{"day":9,"hour":23,"minute":27},"nameShip":"TL","cargo":{"typeCargo":"CONTAINER","weight":4844},"unloadDuration":{"day":0,"hour":0,"minute":48}},{"arriveTime":{"day":22,"hour":8,"minute":50},"nameShip":"JVB","cargo":{"typeCargo":"LOOSE","weight":44707},"unloadDuration":{"day":0,"hour":11,"minute":27}},{"arriveTime":{"day":28,"hour":10,"minute":43},"nameShip":"XVAF","cargo":{"typeCargo":"LIQUID","weight":62357},"unloadDuration":{"day":0,"hour":13,"minute":19}},{"arriveTime":{"day":20,"hour":12,"minute":54},"nameShip":"QDX","cargo":{"typeCargo":"CONTAINER","weight":3415},"unloadDuration":{"day":0,"hour":0,"minute":34}},{"arriveTime":{"day":24,"hour":19,"minute":11},"nameShip":"RG","cargo":{"typeCargo":"LIQUID","weight":63758},"unloadDuration":{"day":0,"hour":13,"minute":37}},{"arriveTime":{"day":27,"hour":16,"minute":14},"nameShip":"WQX","cargo":{"typeCargo":"CONTAINER","weight":2113},"unloadDuration":{"day":0,"hour":0,"minute":21}},{"arriveTime":{"day":22,"hour":17,"minute":42},"nameShip":"QT","cargo":{"typeCargo":"CONTAINER","weight":5922},"unloadDuration":{"day":0,"hour":0,"minute":59}},{"arriveTime":{"day":4,"hour":11,"minute":54},"nameShip":"ON","cargo":{"typeCargo":"CONTAINER","weight":3001},"unloadDuration":{"day":0,"hour":0,"minute":30}},{"arriveTime":{"day":5,"hour":1,"minute":3},"nameShip":"DRPQ","cargo":{"typeCargo":"CONTAINER","weight":2156},"unloadDuration":{"day":0,"hour":0,"minute":21}},{"arriveTime":{"day":17,"hour":16,"minute":20},"nameShip":"VXQ","cargo":{"typeCargo":"CONTAINER","weight":3974},"unloadDuration":{"day":0,"hour":0,"minute":40}},{"arriveTime":{"day":22,"hour":19,"minute":20},"nameShip":"QGUB","cargo":{"typeCargo":"LOOSE","weight":56103},"unloadDuration":{"day":0,"hour":14,"minute":23}},{"arriveTime":{"day":2,"hour":23,"minute":53},"nameShip":"ZDX","cargo":{"typeCargo":"LOOSE","weight":58551},"unloadDuration":{"day":0,"hour":15,"minute":0}},{"arriveTime":{"day":6,"hour":2,"minute":6},"nameShip":"GHX","cargo":{"typeCargo":"LOOSE","weight":47893},"unloadDuration":{"day":0,"hour":12,"minute":16}},{"arriveTime":{"day":1,"hour":3,"minute":1},"nameShip":"AAJ","cargo":{"typeCargo":"CONTAINER","weight":4512},"unloadDuration":{"day":0,"hour":0,"minute":45}},{"arriveTime":{"day":26,"hour":4,"minute":3},"nameShip":"TWTF","cargo":{"typeCargo":"LOOSE","weight":52206},"unloadDuration":{"day":0,"hour":13,"minute":23}},{"arriveTime":{"day":10,"hour":10,"minute":35},"nameShip":"NS","cargo":{"typeCargo":"LOOSE","weight":49385},"unloadDuration":{"day":0,"hour":12,"minute":39}},{"arriveTime":{"day":25,"hour":14,"minute":59},"nameShip":"SNYE","cargo":{"typeCargo":"CONTAINER","weight":4170},"unloadDuration":{"day":0,"hour":0,"minute":42}},{"arriveTime":{"day":13,"hour":19,"minute":19},"nameShip":"MJPV","cargo":{"typeCargo":"LOOSE","weight":45263},"unloadDuration":{"day":0,"hour":11,"minute":36}},{"arriveTime":{"day":6,"hour":15,"minute":44},"nameShip":"TUNF","cargo":{"typeCargo":"LOOSE","weight":46728},"unloadDuration":{"day":0,"hour":11,"minute":58}},{"arriveTime":{"day":7,"hour":23,"minute":18},"nameShip":"GO","cargo":{"typeCargo":"LIQUID","weight":69409},"unloadDuration":{"day":0,"hour":14,"minute":49}},{"arriveTime":{"day":18,"hour":19,"minute":52},"nameShip":"VYNG","cargo":{"typeCargo":"LIQUID","weight":57763},"unloadDuration":{"day":0,"hour":12,"minute":20}},{"arriveTime":{"day":4,"hour":14,"minute":47},"nameShip":"QW","cargo":{"typeCargo":"LOOSE","weight":49666},"unloadDuration":{"day":0,"hour":12,"minute":44}},{"arriveTime":{"day":26,"hour":6,"minute":4},"nameShip":"RBFO","cargo":{"typeCargo":"LIQUID","weight":65157},"unloadDuration":{"day":0,"hour":13,"minute":55}},{"arriveTime":{"day":12,"hour":14,"minute":6},"nameShip":"TPWZ","cargo":{"typeCargo":"CONTAINER","weight":5176},"unloadDuration":{"day":0,"hour":0,"minute":52}},{"arriveTime":{"day":3,"hour":15,"minute":12},"nameShip":"TBR","cargo":{"typeCargo":"LOOSE","weight":42101},"unloadDuration":{"day":0,"hour":10,"minute":47}},{"arriveTime":{"day":28,"hour":21,"minute":45},"nameShip":"XN","cargo":{"typeCargo":"LIQUID","weight":69844},"unloadDuration":{"day":0,"hour":14,"minute":55}},{"arriveTime":{"day":0,"hour":8,"minute":32},"nameShip":"RVHW","cargo":{"typeCargo":"CONTAINER","weight":4903},"unloadDuration":{"day":0,"hour":0,"minute":49}},{"arriveTime":{"day":27,"hour":1,"minute":54},"nameShip":"RZBB","cargo":{"typeCargo":"CONTAINER","weight":5478},"unloadDuration":{"day":0,"hour":0,"minute":55}},{"arriveTime":{"day":28,"hour":18,"minute":14},"nameShip":"KS","cargo":{"typeCargo":"LOOSE","weight":47346},"unloadDuration":{"day":0,"hour":12,"minute":8}},{"arriveTime":{"day":19,"hour":21,"minute":20},"nameShip":"JIW","cargo":{"typeCargo":"LOOSE","weight":45585},"unloadDuration":{"day":0,"hour":11,"minute":41}},{"arriveTime":{"day":16,"hour":6,"minute":22},"nameShip":"KREF","cargo":{"typeCargo":"LOOSE","weight":41855},"unloadDuration":{"day":0,"hour":10,"minute":43}},{"arriveTime":{"day":4,"hour":8,"minute":41},"nameShip":"KFID","cargo":{"typeCargo":"LIQUID","weight":57153},"unloadDuration":{"day":0,"hour":12,"minute":12}},{"arriveTime":{"day":11,"hour":13,"minute":57},"nameShip":"GQDH","cargo":{"typeCargo":"LOOSE","weight":40322},"unloadDuration":{"day":0,"hour":10,"minute":20}},{"arriveTime":{"day":22,"hour":16,"minute":52},"nameShip":"UBJ","cargo":{"typeCargo":"LOOSE","weight":44566},"unloadDuration":{"day":0,"hour":11,"minute":25}},{"arriveTime":{"day":3,"hour":20,"minute":38},"nameShip":"DW","cargo":{"typeCargo":"LIQUID","weight":66773},"unloadDuration":{"day":0,"hour":14,"minute":16}},{"arriveTime":{"day":10,"hour":14,"minute":48},"nameShip":"ZSGV","cargo":{"typeCargo":"CONTAINER","weight":4463},"unloadDuration":{"day":0,"hour":0,"minute":45}},{"arriveTime":{"day":22,"hour":18,"minute":4},"nameShip":"II","cargo":{"typeCargo":"LOOSE","weight":52613},"unloadDuration":{"day":0,"hour":13,"minute":29}},{"arriveTime":{"day":23,"hour":8,"minute":19},"nameShip":"LM","cargo":{"typeCargo":"LIQUID","weight":59941},"unloadDuration":{"day":0,"hour":12,"minute":48}},{"arriveTime":{"day":13,"hour":7,"minute":24},"nameShip":"RNN","cargo":{"typeCargo":"LOOSE","weight":54612},"unloadDuration":{"day":0,"hour":14,"minute":0}},{"arriveTime":{"day":6,"hour":22,"minute":21},"nameShip":"PC","cargo":{"typeCargo":"LIQUID","weight":58205},"unloadDuration":{"day":0,"hour":12,"minute":26}},{"arriveTime":{"day":9,"hour":8,"minute":26},"nameShip":"LV","cargo":{"typeCargo":"CONTAINER","weight":2988},"unloadDuration":{"day":0,"hour":0,"minute":30}},{"arriveTime":{"day":10,"hour":10,"minute":39},"nameShip":"AWHG","cargo":{"typeCargo":"LOOSE","weight":51810},"unloadDuration":{"day":0,"hour":13,"minute":17}},{"arriveTime":{"day":13,"hour":19,"minute":39},"nameShip":"CEC","cargo":{"typeCargo":"CONTAINER","weight":5350},"unloadDuration":{"day":0,"hour":0,"minute":54}},{"arriveTime":{"day":1,"hour":15,"minute":38},"nameShip":"SHL","cargo":{"typeCargo":"LIQUID","weight":65121},"unloadDuration":{"day":0,"hour":13,"minute":54}},{"arriveTime":{"day":0,"hour":15,"minute":27},"nameShip":"RCQE","cargo":{"typeCargo":"CONTAINER","weight":5607},"unloadDuration":{"day":0,"hour":0,"minute":56}},{"arriveTime":{"day":26,"hour":10,"minute":46},"nameShip":"PN","cargo":{"typeCargo":"LOOSE","weight":41072},"unloadDuration":{"day":0,"hour":10,"minute":31}},{"arriveTime":{"day":4,"hour":11,"minute":56},"nameShip":"EKQ","cargo":{"typeCargo":"LOOSE","weight":46897},"unloadDuration":{"day":0,"hour":12,"minute":1}},{"arriveTime":{"day":29,"hour":2,"minute":41},"nameShip":"LSB","cargo":{"typeCargo":"LIQUID","weight":61558},"unloadDuration":{"day":0,"hour":13,"minute":9}},{"arriveTime":{"day":5,"hour":5,"minute":45},"nameShip":"CD","cargo":{"typeCargo":"LOOSE","weight":55189},"unloadDuration":{"day":0,"hour":14,"minute":9}},{"arriveTime":{"day":24,"hour":17,"minute":42},"nameShip":"BQ","cargo":{"typeCargo":"CONTAINER","weight":4456},"unloadDuration":{"day":0,"hour":0,"minute":45}},{"arriveTime":{"day":0,"hour":12,"minute":46},"nameShip":"AGVU","cargo":{"typeCargo":"LOOSE","weight":48208},"unloadDuration":{"day":0,"hour":12,"minute":21}},{"arriveTime":{"day":0,"hour":23,"minute":26},"nameShip":"SH","cargo":{"typeCargo":"CONTAINER","weight":4549},"unloadDuration":{"day":0,"hour":0,"minute":45}},{"arriveTime":{"day":19,"hour":22,"minute":9},"nameShip":"NRMG","cargo":{"typeCargo":"LOOSE","weight":46696},"unloadDuration":{"day":0,"hour":11,"minute":58}},{"arriveTime":{"day":28,"hour":9,"minute":50},"nameShip":"XCE","cargo":{"typeCargo":"CONTAINER","weight":3679},"unloadDuration":{"day":0,"hour":0,"minute":37}},{"arriveTime":{"day":11,"hour":9,"minute":19},"nameShip":"TNCD","cargo":{"typeCargo":"LOOSE","weight":44914},"unloadDuration":{"day":0,"hour":11,"minute":30}},{"arriveTime":{"day":24,"hour":5,"minute":38},"nameShip":"HC","cargo":{"typeCargo":"CONTAINER","weight":5203},"unloadDuration":{"day":0,"hour":0,"minute":52}},{"arriveTime":{"day":3,"hour":11,"minute":17},"nameShip":"FE","cargo":{"typeCargo":"CONTAINER","weight":4827},"unloadDuration":{"day":0,"hour":0,"minute":48}},{"arriveTime":{"day":12,"hour":1,"minute":44},"nameShip":"EWW","cargo":{"typeCargo":"LOOSE","weight":54787},"unloadDuration":{"day":0,"hour":14,"minute":2}},{"arriveTime":{"day":9,"hour":15,"minute":59},"nameShip":"ST","cargo":{"typeCargo":"LOOSE","weight":44240},"unloadDuration":{"day":0,"hour":11,"minute":20}},{"arriveTime":{"day":10,"hour":14,"minute":1},"nameShip":"SYIM","cargo":{"typeCargo":"CONTAINER","weight":5107},"unloadDuration":{"day":0,"hour":0,"minute":51}},{"arriveTime":{"day":2,"hour":6,"minute":27},"nameShip":"PXW","cargo":{"typeCargo":"LIQUID","weight":63826},"unloadDuration":{"day":0,"hour":13,"minute":38}},{"arriveTime":{"day":20,"hour":22,"minute":12},"nameShip":"DTO","cargo":{"typeCargo":"LIQUID","weight":62214},"unloadDuration":{"day":0,"hour":13,"minute":17}},{"arriveTime":{"day":28,"hour":20,"minute":23},"nameShip":"TMRO","cargo":{"typeCargo":"CONTAINER","weight":3906},"unloadDuration":{"day":0,"hour":0,"minute":39}},{"arriveTime":{"day":18,"hour":9,"minute":19},"nameShip":"LHP","cargo":{"typeCargo":"CONTAINER","weight":5624},"unloadDuration":{"day":0,"hour":0,"minute":56}},{"arriveTime":{"day":6,"hour":14,"minute":46},"nameShip":"ZRV","cargo":{"typeCargo":"LIQUID","weight":62846},"unloadDuration":{"day":0,"hour":13,"minute":25}},{"arriveTime":{"day":0,"hour":17,"minute":4},"nameShip":"YYI","cargo":{"typeCargo":"LOOSE","weight":59328},"unloadDuration":{"day":0,"hour":15,"minute":12}},{"arriveTime":{"day":7,"hour":1,"minute":4},"nameShip":"DNE","cargo":{"typeCargo":"LOOSE","weight":53823},"unloadDuration":{"day":0,"hour":13,"minute":48}},{"arriveTime":{"day":7,"hour":3,"minute":40},"nameShip":"QU","cargo":{"typeCargo":"LOOSE","weight":48796},"unloadDuration":{"day":0,"hour":12,"minute":30}},{"arriveTime":{"day":23,"hour":10,"minute":52},"nameShip":"EH","cargo":{"typeCargo":"CONTAINER","weight":5683},"unloadDuration":{"day":0,"hour":0,"minute":57}},{"arriveTime":{"day":19,"hour":20,"minute":19},"nameShip":"AULN","cargo":{"typeCargo":"CONTAINER","weight":4777},"unloadDuration":{"day":0,"hour":0,"minute":48}},{"arriveTime":{"day":11,"hour":6,"minute":43},"nameShip":"UV","cargo":{"typeCargo":"LIQUID","weight":54564},"unloadDuration":{"day":0,"hour":11,"minute":39}},{"arriveTime":{"day":1,"hour":23,"minute":44},"nameShip":"YT","cargo":{"typeCargo":"CONTAINER","weight":2094},"unloadDuration":{"day":0,"hour":0,"minute":21}},{"arriveTime":{"day":17,"hour":23,"minute":11},"nameShip":"ZRAK","cargo":{"typeCargo":"CONTAINER","weight":2392},"unloadDuration":{"day":0,"hour":0,"minute":24}},{"arriveTime":{"day":15,"hour":20,"minute":46},"nameShip":"WUIV","cargo":{"typeCargo":"CONTAINER","weight":5759},"unloadDuration":{"day":0,"hour":0,"minute":58}},{"arriveTime":{"day":23,"hour":22,"minute":30},"nameShip":"HYKN","cargo":{"typeCargo":"LOOSE","weight":54614},"unloadDuration":{"day":0,"hour":14,"minute":0}},{"arriveTime":{"day":0,"hour":1,"minute":47},"nameShip":"KCZQ","cargo":{"typeCargo":"LOOSE","weight":55151},"unloadDuration":{"day":0,"hour":14,"minute":8}},{"arriveTime":{"day":28,"hour":11,"minute":9},"nameShip":"AFUG","cargo":{"typeCargo":"CONTAINER","weight":4558},"unloadDuration":{"day":0,"hour":0,"minute":46}},{"arriveTime":{"day":19,"hour":12,"minute":34},"nameShip":"BNO","cargo":{"typeCargo":"LIQUID","weight":64184},"unloadDuration":{"day":0,"hour":13,"minute":42}},{"arriveTime":{"day":26,"hour":10,"minute":22},"nameShip":"EG","cargo":{"typeCargo":"CONTAINER","weight":2497},"unloadDuration":{"day":0,"hour":0,"minute":25}},{"arriveTime":{"day":27,"hour":1,"minute":51},"nameShip":"TFX","cargo":{"typeCargo":"LOOSE","weight":46030},"unloadDuration":{"day":0,"hour":11,"minute":48}},{"arriveTime":{"day":3,"hour":15,"minute":31},"nameShip":"IY","cargo":{"typeCargo":"LOOSE","weight":42945},"unloadDuration":{"day":0,"hour":11,"minute":0}},{"arriveTime":{"day":5,"hour":1,"minute":7},"nameShip":"LT","cargo":{"typeCargo":"LOOSE","weight":49738},"unloadDuration":{"day":0,"hour":12,"minute":45}},{"arriveTime":{"day":2,"hour":22,"minute":49},"nameShip":"MDIX","cargo":{"typeCargo":"LIQUID","weight":65516},"unloadDuration":{"day":0,"hour":13,"minute":59}},{"arriveTime":{"day":6,"hour":19,"minute":0},"nameShip":"PB","cargo":{"typeCargo":"CONTAINER","weight":5864},"unloadDuration":{"day":0,"hour":0,"minute":59}},{"arriveTime":{"day":19,"hour":22,"minute":26},"nameShip":"FQ","cargo":{"typeCargo":"CONTAINER","weight":2972},"unloadDuration":{"day":0,"hour":0,"minute":30}},{"arriveTime":{"day":16,"hour":10,"minute":55},"nameShip":"RV","cargo":{"typeCargo":"CONTAINER","weight":2571},"unloadDuration":{"day":0,"hour":0,"minute":25}},{"arriveTime":{"day":28,"hour":3,"minute":34},"nameShip":"DBO","cargo":{"typeCargo":"LOOSE","weight":43488},"unloadDuration":{"day":0,"hour":11,"minute":9}},{"arriveTime":{"day":4,"hour":22,"minute":21},"nameShip":"IKD","cargo":{"typeCargo":"LIQUID","weight":62524},"unloadDuration":{"day":0,"hour":13,"minute":21}},{"arriveTime":{"day":25,"hour":11,"minute":14},"nameShip":"UK","cargo":{"typeCargo":"LOOSE","weight":56235},"unloadDuration":{"day":0,"hour":14,"minute":25}},{"arriveTime":{"day":10,"hour":9,"minute":46},"nameShip":"DF","cargo":{"typeCargo":"LIQUID","weight":67631},"unloadDuration":{"day":0,"hour":14,"minute":27}},{"arriveTime":{"day":26,"hour":10,"minute":18},"nameShip":"OWM","cargo":{"typeCargo":"LOOSE","weight":47529},"unloadDuration":{"day":0,"hour":12,"minute":11}},{"arriveTime":{"day":8,"hour":0,"minute":34},"nameShip":"RP","cargo":{"typeCargo":"LOOSE","weight":51960},"unloadDuration":{"day":0,"hour":13,"minute":19}},{"arriveTime":{"day":1,"hour":23,"minute":48},"nameShip":"IZG","cargo":{"typeCargo":"CONTAINER","weight":4555},"unloadDuration":{"day":0,"hour":0,"minute":46}},{"arriveTime":{"day":13,"hour":11,"minute":52},"nameShip":"RR","cargo":{"typeCargo":"CONTAINER","weight":3421},"unloadDuration":{"day":0,"hour":0,"minute":34}},{"arriveTime":{"day":21,"hour":11,"minute":5},"nameShip":"JNKL","cargo":{"typeCargo":"CONTAINER","weight":3794},"unloadDuration":{"day":0,"hour":0,"minute":38}},{"arriveTime":{"day":24,"hour":12,"minute":18},"nameShip":"MK","cargo":{"typeCargo":"CONTAINER","weight":3231},"unloadDuration":{"day":0,"hour":0,"minute":32}},{"arriveTime":{"day":26,"hour":3,"minute":36},"nameShip":"HPW","cargo":{"typeCargo":"LIQUID","weight":58641},"unloadDuration":{"day":0,"hour":12,"minute":31}},{"arriveTime":{"day":21,"hour":15,"minute":47},"nameShip":"IBAI","cargo":{"typeCargo":"LIQUID","weight":56884},"unloadDuration":{"day":0,"hour":12,"minute":9}},{"arriveTime":{"day":12,"hour":14,"minute":34},"nameShip":"CIQM","cargo":{"typeCargo":"CONTAINER","weight":3280},"unloadDuration":{"day":0,"hour":0,"minute":33}},{"arriveTime":{"day":15,"hour":7,"minute":54},"nameShip":"YOZ","cargo":{"typeCargo":"LIQUID","weight":64268},"unloadDuration":{"day":0,"hour":13,"minute":43}},{"arriveTime":{"day":12,"hour":6,"minute":16},"nameShip":"XPQY","cargo":{"typeCargo":"CONTAINER","weight":5367},"unloadDuration":{"day":0,"hour":0,"minute":54}},{"arriveTime":{"day":18,"hour":17,"minute":29},"nameShip":"TXE","cargo":{"typeCargo":"LOOSE","weight":52055},"unloadDuration":{"day":0,"hour":13,"minute":20}},{"arriveTime":{"day":20,"hour":20,"minute":56},"nameShip":"JQP","cargo":{"typeCargo":"LOOSE","weight":55481},"unloadDuration":{"day":0,"hour":14,"minute":13}},{"arriveTime":{"day":5,"hour":3,"minute":7},"nameShip":"CRX","cargo":{"typeCargo":"LOOSE","weight":58711},"unloadDuration":{"day":0,"hour":15,"minute":3}},{"arriveTime":{"day":21,"hour":12,"minute":23},"nameShip":"LSK","cargo":{"typeCargo":"LIQUID","weight":57183},"unloadDuration":{"day":0,"hour":12,"minute":13}},{"arriveTime":{"day":10,"hour":20,"minute":13},"nameShip":"XAO","cargo":{"typeCargo":"LIQUID","weight":61150},"unloadDuration":{"day":0,"hour":13,"minute":3}},{"arriveTime":{"day":27,"hour":1,"minute":22},"nameShip":"ZWM","cargo":{"typeCargo":"CONTAINER","weight":5116},"unloadDuration":{"day":0,"hour":0,"minute":51}},{"arriveTime":{"day":26,"hour":21,"minute":17},"nameShip":"YZ","cargo":{"typeCargo":"CONTAINER","weight":3974},"unloadDuration":{"day":0,"hour":0,"minute":40}},{"arriveTime":{"day":16,"hour":3,"minute":7},"nameShip":"HMZ","cargo":{"typeCargo":"LIQUID","weight":68331},"unloadDuration":{"day":0,"hour":14,"minute":36}},{"arriveTime":{"day":20,"hour":16,"minute":0},"nameShip":"TUL","cargo":{"typeCargo":"LOOSE","weight":50968},"unloadDuration":{"day":0,"hour":13,"minute":4}},{"arriveTime":{"day":26,"hour":20,"minute":49},"nameShip":"XGC","cargo":{"typeCargo":"CONTAINER","weight":2018},"unloadDuration":{"day":0,"hour":0,"minute":20}},{"arriveTime":{"day":4,"hour":0,"minute":55},"nameShip":"CSNA","cargo":{"typeCargo":"CONTAINER","weight":5440},"unloadDuration":{"day":0,"hour":0,"minute":54}},{"arriveTime":{"day":22,"hour":16,"minute":38},"nameShip":"ERE","cargo":{"typeCargo":"LIQUID","weight":61658},"unloadDuration":{"day":0,"hour":13,"minute":10}},{"arriveTime":{"day":8,"hour":12,"minute":8},"nameShip":"PU","cargo":{"typeCargo":"LOOSE","weight":44217},"unloadDuration":{"day":0,"hour":11,"minute":20}},{"arriveTime":{"day":28,"hour":2,"minute":21},"nameShip":"XTD","cargo":{"typeCargo":"LIQUID","weight":53006},"unloadDuration":{"day":0,"hour":11,"minute":19}},{"arriveTime":{"day":3,"hour":17,"minute":33},"nameShip":"XS","cargo":{"typeCargo":"CONTAINER","weight":5153},"unloadDuration":{"day":0,"hour":0,"minute":52}},{"arriveTime":{"day":25,"hour":7,"minute":7},"nameShip":"YRA","cargo":{"typeCargo":"LOOSE","weight":40175},"unloadDuration":{"day":0,"hour":10,"minute":18}},{"arriveTime":{"day":7,"hour":9,"minute":18},"nameShip":"YG","cargo":{"typeCargo":"LOOSE","weight":48163},"unloadDuration":{"day":0,"hour":12,"minute":20}},{"arriveTime":{"day":1,"hour":21,"minute":27},"nameShip":"GOPT","cargo":{"typeCargo":"LOOSE","weight":53227},"unloadDuration":{"day":0,"hour":13,"minute":38}},{"arriveTime":{"day":5,"hour":4,"minute":1},"nameShip":"AXP","cargo":{"typeCargo":"LOOSE","weight":40200},"unloadDuration":{"day":0,"hour":10,"minute":18}},{"arriveTime":{"day":10,"hour":6,"minute":27},"nameShip":"ZZ","cargo":{"typeCargo":"LOOSE","weight":43215},"unloadDuration":{"day":0,"hour":11,"minute":4}},{"arriveTime":{"day":4,"hour":22,"minute":4},"nameShip":"OF","cargo":{"typeCargo":"LIQUID","weight":66921},"unloadDuration":{"day":0,"hour":14,"minute":17}},{"arriveTime":{"day":17,"hour":7,"minute":4},"nameShip":"JMOW","cargo":{"typeCargo":"CONTAINER","weight":4052},"unloadDuration":{"day":0,"hour":0,"minute":40}},{"arriveTime":{"day":3,"hour":2,"minute":47},"nameShip":"YK","cargo":{"typeCargo":"CONTAINER","weight":3770},"unloadDuration":{"day":0,"hour":0,"minute":38}},{"arriveTime":{"day":4,"hour":4,"minute":56},"nameShip":"OS","cargo":{"typeCargo":"CONTAINER","weight":3796},"unloadDuration":{"day":0,"hour":0,"minute":38}},{"arriveTime":{"day":15,"hour":23,"minute":58},"nameShip":"OWXE","cargo":{"typeCargo":"LOOSE","weight":42509},"unloadDuration":{"day":0,"hour":10,"minute":53}},{"arriveTime":{"day":26,"hour":16,"minute":41},"nameShip":"YERZ","cargo":{"typeCargo":"CONTAINER","weight":5996},"unloadDuration":{"day":0,"hour":1,"minute":0}},{"arriveTime":{"day":8,"hour":11,"minute":8},"nameShip":"WFQR","cargo":{"typeCargo":"CONTAINER","weight":2012},"unloadDuration":{"day":0,"hour":0,"minute":20}},{"arriveTime":{"day":13,"hour":21,"minute":4},"nameShip":"HZ","cargo":{"typeCargo":"LIQUID","weight":61191},"unloadDuration":{"day":0,"hour":13,"minute":4}},{"arriveTime":{"day":2,"hour":17,"minute":33},"nameShip":"HFC","cargo":{"typeCargo":"CONTAINER","weight":4088},"unloadDuration":{"day":0,"hour":0,"minute":41}},{"arriveTime":{"day":5,"hour":15,"minute":1},"nameShip":"JL","cargo":{"typeCargo":"LIQUID","weight":67537},"unloadDuration":{"day":0,"hour":14,"minute":25}},{"arriveTime":{"day":20,"hour":11,"minute":48},"nameShip":"GPV","cargo":{"typeCargo":"CONTAINER","weight":3961},"unloadDuration":{"day":0,"hour":0,"minute":40}},{"arriveTime":{"day":0,"hour":22,"minute":56},"nameShip":"DBO","cargo":{"typeCargo":"LIQUID","weight":53452},"unloadDuration":{"day":0,"hour":11,"minute":25}},{"arriveTime":{"day":13,"hour":21,"minute":16},"nameShip":"KYJF","cargo":{"typeCargo":"CONTAINER","weight":2878},"unloadDuration":{"day":0,"hour":0,"minute":29}},{"arriveTime":{"day":3,"hour":12,"minute":4},"nameShip":"LKTN","cargo":{"typeCargo":"CONTAINER","weight":5182},"unloadDuration":{"day":0,"hour":0,"minute":52}},{"arriveTime":{"day":23,"hour":10,"minute":39},"nameShip":"DMB","cargo":{"typeCargo":"LIQUID","weight":65028},"unloadDuration":{"day":0,"hour":13,"minute":53}},{"arriveTime":{"day":26,"hour":6,"minute":33},"nameShip":"ENUL","cargo":{"typeCargo":"LOOSE","weight":45467},"unloadDuration":{"day":0,"hour":11,"minute":39}},{"arriveTime":{"day":10,"hour":8,"minute":52},"nameShip":"GA","cargo":{"typeCargo":"CONTAINER","weight":2280},"unloadDuration":{"day":0,"hour":0,"minute":23}},{"arriveTime":{"day":4,"hour":15,"minute":51},"nameShip":"QYLK","cargo":{"typeCargo":"LIQUID","weight":63038},"unloadDuration":{"day":0,"hour":13,"minute":28}},{"arriveTime":{"day":28,"hour":20,"minute":43},"nameShip":"MU","cargo":{"typeCargo":"CONTAINER","weight":4156},"unloadDuration":{"day":0,"hour":0,"minute":41}},{"arriveTime":{"day":22,"hour":23,"minute":57},"nameShip":"HFJP","cargo":{"typeCargo":"CONTAINER","weight":5760},"unloadDuration":{"day":0,"hour":0,"minute":58}},{"arriveTime":{"day":18,"hour":1,"minute":44},"nameShip":"GLB","cargo":{"typeCargo":"CONTAINER","weight":2806},"unloadDuration":{"day":0,"hour":0,"minute":28}},{"arriveTime":{"day":0,"hour":10,"minute":14},"nameShip":"RF","cargo":{"typeCargo":"LOOSE","weight":48375},"unloadDuration":{"day":0,"hour":12,"minute":24}},{"arriveTime":{"day":21,"hour":15,"minute":47},"nameShip":"EM","cargo":{"typeCargo":"CONTAINER","weight":2097},"unloadDuration":{"day":0,"hour":0,"minute":21}},{"arriveTime":{"day":19,"hour":4,"minute":55},"nameShip":"HEMH","cargo":{"typeCargo":"LIQUID","weight":56634},"unloadDuration":{"day":0,"hour":12,"minute":6}},{"arriveTime":{"day":22,"hour":3,"minute":29},"nameShip":"JPAE","cargo":{"typeCargo":"LIQUID","weight":69135},"unloadDuration":{"day":0,"hour":14,"minute":46}},{"arriveTime":{"day":27,"hour":0,"minute":55},"nameShip":"EXW","cargo":{"typeCargo":"CONTAINER","weight":2044},"unloadDuration":{"day":0,"hour":0,"minute":20}},{"arriveTime":{"day":7,"hour":23,"minute":49},"nameShip":"ON","cargo":{"typeCargo":"CONTAINER","weight":5749},"unloadDuration":{"day":0,"hour":0,"minute":58}},{"arriveTime":{"day":2,"hour":6,"minute":2},"nameShip":"WQE","cargo":{"typeCargo":"LIQUID","weight":51937},"unloadDuration":{"day":0,"hour":11,"minute":5}},{"arriveTime":{"day":17,"hour":22,"minute":21},"nameShip":"QYNM","cargo":{"typeCargo":"LIQUID","weight":64050},"unloadDuration":{"day":0,"hour":13,"minute":41}},{"arriveTime":{"day":27,"hour":16,"minute":11},"nameShip":"YMDJ","cargo":{"typeCargo":"LIQUID","weight":69371},"unloadDuration":{"day":0,"hour":14,"minute":49}},{"arriveTime":{"day":9,"hour":3,"minute":54},"nameShip":"YGX","cargo":{"typeCargo":"LIQUID","weight":63526},"unloadDuration":{"day":0,"hour":13,"minute":34}},{"arriveTime":{"day":7,"hour":15,"minute":35},"nameShip":"CNS","cargo":{"typeCargo":"LIQUID","weight":61199},"unloadDuration":{"day":0,"hour":13,"minute":4}},{"arriveTime":{"day":5,"hour":9,"minute":38},"nameShip":"CGP","cargo":{"typeCargo":"CONTAINER","weight":2106},"unloadDuration":{"day":0,"hour":0,"minute":21}},{"arriveTime":{"day":4,"hour":3,"minute":38},"nameShip":"LU","cargo":{"typeCargo":"LIQUID","weight":51485},"unloadDuration":{"day":0,"hour":11,"minute":0}},{"arriveTime":{"day":3,"hour":22,"minute":40},"nameShip":"RX","cargo":{"typeCargo":"LIQUID","weight":60983},"unloadDuration":{"day":0,"hour":13,"minute":1}},{"arriveTime":{"day":21,"hour":17,"minute":57},"nameShip":"ZA","cargo":{"typeCargo":"LOOSE","weight":57305},"unloadDuration":{"day":0,"hour":14,"minute":41}},{"arriveTime":{"day":16,"hour":17,"minute":41},"nameShip":"TRDV","cargo":{"typeCargo":"CONTAINER","weight":4837},"unloadDuration":{"day":0,"hour":0,"minute":48}},{"arriveTime":{"day":1,"hour":9,"minute":31},"nameShip":"VCAM","cargo":{"typeCargo":"LOOSE","weight":50895},"unloadDuration":{"day":0,"hour":13,"minute":3}},{"arriveTime":{"day":2,"hour":1,"minute":51},"nameShip":"NFB","cargo":{"typeCargo":"LOOSE","weight":49793},"unloadDuration":{"day":0,"hour":12,"minute":46}},{"arriveTime":{"day":2,"hour":23,"minute":26},"nameShip":"HO","cargo":{"typeCargo":"CONTAINER","weight":4827},"unloadDuration":{"day":0,"hour":0,"minute":48}},{"arriveTime":{"day":0,"hour":6,"minute":3},"nameShip":"RHR","cargo":{"typeCargo":"LOOSE","weight":52836},"unloadDuration":{"day":0,"hour":13,"minute":32}},{"arriveTime":{"day":19,"hour":12,"minute":39},"nameShip":"FSG","cargo":{"typeCargo":"CONTAINER","weight":2349},"unloadDuration":{"day":0,"hour":0,"minute":23}},{"arriveTime":{"day":15,"hour":1,"minute":6},"nameShip":"GK","cargo":{"typeCargo":"CONTAINER","weight":2886},"unloadDuration":{"day":0,"hour":0,"minute":29}},{"arriveTime":{"day":3,"hour":18,"minute":4},"nameShip":"BNY","cargo":{"typeCargo":"LOOSE","weight":47944},"unloadDuration":{"day":0,"hour":12,"minute":17}},{"arriveTime":{"day":23,"hour":10,"minute":20},"nameShip":"EAMS","cargo":{"typeCargo":"CONTAINER","weight":4207},"unloadDuration":{"day":0,"hour":0,"minute":42}},{"arriveTime":{"day":25,"hour":2,"minute":9},"nameShip":"WTFB","cargo":{"typeCargo":"LIQUID","weight":68899},"unloadDuration":{"day":0,"hour":14,"minute":43}},{"arriveTime":{"day":21,"hour":10,"minute":28},"nameShip":"QZ","cargo":{"typeCargo":"CONTAINER","weight":5395},"unloadDuration":{"day":0,"hour":0,"minute":54}},{"arriveTime":{"day":5,"hour":5,"minute":53},"nameShip":"AA","cargo":{"typeCargo":"LOOSE","weight":56014},"unloadDuration":{"day":0,"hour":14,"minute":21}},{"arriveTime":{"day":25,"hour":21,"minute":53},"nameShip":"YM","cargo":{"typeCargo":"CONTAINER","weight":5960},"unloadDuration":{"day":0,"hour":1,"minute":0}},{"arriveTime":{"day":21,"hour":4,"minute":28},"nameShip":"ZV","cargo":{"typeCargo":"LIQUID","weight":50489},"unloadDuration":{"day":0,"hour":10,"minute":47}},{"arriveTime":{"day":26,"hour":16,"minute":37},"nameShip":"DH","cargo":{"typeCargo":"LOOSE","weight":45512},"unloadDuration":{"day":0,"hour":11,"minute":40}},{"arriveTime":{"day":24,"hour":14,"minute":4},"nameShip":"MX","cargo":{"typeCargo":"CONTAINER","weight":2347},"unloadDuration":{"day":0,"hour":0,"minute":23}},{"arriveTime":{"day":25,"hour":20,"minute":33},"nameShip":"HDHB","cargo":{"typeCargo":"CONTAINER","weight":4141},"unloadDuration":{"day":0,"hour":0,"minute":41}},{"arriveTime":{"day":23,"hour":11,"minute":52},"nameShip":"OAHT","cargo":{"typeCargo":"LIQUID","weight":56789},"unloadDuration":{"day":0,"hour":12,"minute":8}},{"arriveTime":{"day":18,"hour":12,"minute":23},"nameShip":"KWOG","cargo":{"typeCargo":"CONTAINER","weight":4778},"unloadDuration":{"day":0,"hour":0,"minute":48}},{"arriveTime":{"day":20,"hour":18,"minute":36},"nameShip":"PH","cargo":{"typeCargo":"CONTAINER","weight":3397},"unloadDuration":{"day":0,"hour":0,"minute":34}},{"arriveTime":{"day":23,"hour":6,"minute":8},"nameShip":"JWLJ","cargo":{"typeCargo":"LIQUID","weight":61573},"unloadDuration":{"day":0,"hour":13,"minute":9}},{"arriveTime":{"day":7,"hour":4,"minute":13},"nameShip":"DPS","cargo":{"typeCargo":"LOOSE","weight":45743},"unloadDuration":{"day":0,"hour":11,"minute":43}},{"arriveTime":{"day":11,"hour":9,"minute":10},"nameShip":"NK","cargo":{"typeCargo":"LIQUID","weight":62070},"unloadDuration":{"day":0,"hour":13,"minute":15}},{"arriveTime":{"day":15,"hour":13,"minute":13},"nameShip":"RG","cargo":{"typeCargo":"CONTAINER","weight":5496},"unloadDuration":{"day":0,"hour":0,"minute":55}},{"arriveTime":{"day":16,"hour":11,"minute":50},"nameShip":"CVCU","cargo":{"typeCargo":"LOOSE","weight":47299},"unloadDuration":{"day":0,"hour":12,"minute":7}},{"arriveTime":{"day":15,"hour":21,"minute":1},"nameShip":"NZQI","cargo":{"typeCargo":"CONTAINER","weight":4906},"unloadDuration":{"day":0,"hour":0,"minute":49}},{"arriveTime":{"day":18,"hour":17,"minute":48},"nameShip":"ORT","cargo":{"typeCargo":"LOOSE","weight":49434},"unloadDuration":{"day":0,"hour":12,"minute":40}},{"arriveTime":{"day":7,"hour":12,"minute":2},"nameShip":"DRYY","cargo":{"typeCargo":"LOOSE","weight":44903},"unloadDuration":{"day":0,"hour":11,"minute":30}},{"arriveTime":{"day":23,"hour":13,"minute":23},"nameShip":"RHV","cargo":{"typeCargo":"LOOSE","weight":43738},"unloadDuration":{"day":0,"hour":11,"minute":12}},{"arriveTime":{"day":26,"hour":21,"minute":49},"nameShip":"CC","cargo":{"typeCargo":"LOOSE","weight":48546},"unloadDuration":{"day":0,"hour":12,"minute":26}},{"arriveTime":{"day":11,"hour":2,"minute":31},"nameShip":"SJF","cargo":{"typeCargo":"CONTAINER","weight":2816},"unloadDuration":{"day":0,"hour":0,"minute":28}},{"arriveTime":{"day":2,"hour":8,"minute":37},"nameShip":"PGA","cargo":{"typeCargo":"LIQUID","weight":60588},"unloadDuration":{"day":0,"hour":12,"minute":56}},{"arriveTime":{"day":14,"hour":2,"minute":58},"nameShip":"BSTV","cargo":{"typeCargo":"LIQUID","weight":65086},"unloadDuration":{"day":0,"hour":13,"minute":54}},{"arriveTime":{"day":28,"hour":4,"minute":4},"nameShip":"SNR","cargo":{"typeCargo":"CONTAINER","weight":2867},"unloadDuration":{"day":0,"hour":0,"minute":28}},{"arriveTime":{"day":22,"hour":19,"minute":4},"nameShip":"EWX","cargo":{"typeCargo":"LIQUID","weight":50469},"unloadDuration":{"day":0,"hour":10,"minute":47}},{"arriveTime":{"day":9,"hour":23,"minute":41},"nameShip":"WSC","cargo":{"typeCargo":"CONTAINER","weight":3964},"unloadDuration":{"day":0,"hour":0,"minute":40}},{"arriveTime":{"day":3,"hour":18,"minute":24},"nameShip":"IVY","cargo":{"typeCargo":"LOOSE","weight":55852},"unloadDuration":{"day":0,"hour":14,"minute":19}},{"arriveTime":{"day":23,"hour":6,"minute":16},"nameShip":"FDHH","cargo":{"typeCargo":"LIQUID","weight":51382},"unloadDuration":{"day":0,"hour":10,"minute":58}},{"arriveTime":{"day":1,"hour":10,"minute":32},"nameShip":"DZVR","cargo":{"typeCargo":"LOOSE","weight":44770},"unloadDuration":{"day":0,"hour":11,"minute":28}},{"arriveTime":{"day":1,"hour":3,"minute":15},"nameShip":"IHSF","cargo":{"typeCargo":"CONTAINER","weight":2643},"unloadDuration":{"day":0,"hour":0,"minute":26}},{"arriveTime":{"day":13,"hour":9,"minute":49},"nameShip":"PK","cargo":{"typeCargo":"LIQUID","weight":67268},"unloadDuration":{"day":0,"hour":14,"minute":22}},{"arriveTime":{"day":20,"hour":15,"minute":48},"nameShip":"IMDH","cargo":{"typeCargo":"LOOSE","weight":48988},"unloadDuration":{"day":0,"hour":12,"minute":33}},{"arriveTime":{"day":15,"hour":8,"minute":53},"nameShip":"OUC","cargo":{"typeCargo":"LIQUID","weight":62805},"unloadDuration":{"day":0,"hour":13,"minute":25}},{"arriveTime":{"day":24,"hour":2,"minute":53},"nameShip":"NR","cargo":{"typeCargo":"LIQUID","weight":52129},"unloadDuration":{"day":0,"hour":11,"minute":8}},{"arriveTime":{"day":3,"hour":8,"minute":4},"nameShip":"UKLQ","cargo":{"typeCargo":"CONTAINER","weight":2981},"unloadDuration":{"day":0,"hour":0,"minute":30}},{"arriveTime":{"day":22,"hour":2,"minute":18},"nameShip":"PDG","cargo":{"typeCargo":"LOOSE","weight":49132},"unloadDuration":{"day":0,"hour":12,"minute":35}},{"arriveTime":{"day":23,"hour":21,"minute":16},"nameShip":"NWTK","cargo":{"typeCargo":"LIQUID","weight":68741},"unloadDuration":{"day":0,"hour":14,"minute":41}},{"arriveTime":{"day":8,"hour":9,"minute":58},"nameShip":"USS","cargo":{"typeCargo":"LIQUID","weight":58516},"unloadDuration":{"day":0,"hour":12,"minute":30}},{"arriveTime":{"day":25,"hour":23,"minute":40},"nameShip":"FJG","cargo":{"typeCargo":"LOOSE","weight":49235},"unloadDuration":{"day":0,"hour":12,"minute":37}},{"arriveTime":{"day":24,"hour":12,"minute":25},"nameShip":"AW","cargo":{"typeCargo":"LIQUID","weight":63788},"unloadDuration":{"day":0,"hour":13,"minute":37}},{"arriveTime":{"day":1,"hour":12,"minute":52},"nameShip":"SRIB","cargo":{"typeCargo":"LIQUID","weight":64418},"unloadDuration":{"day":0,"hour":13,"minute":45}},{"arriveTime":{"day":18,"hour":5,"minute":28},"nameShip":"IXHP","cargo":{"typeCargo":"LIQUID","weight":66664},"unloadDuration":{"day":0,"hour":14,"minute":14}},{"arriveTime":{"day":11,"hour":21,"minute":43},"nameShip":"JAAP","cargo":{"typeCargo":"CONTAINER","weight":4819},"unloadDuration":{"day":0,"hour":0,"minute":48}},{"arriveTime":{"day":15,"hour":3,"minute":35},"nameShip":"JV","cargo":{"typeCargo":"LOOSE","weight":46028},"unloadDuration":{"day":0,"hour":11,"minute":48}},{"arriveTime":{"day":18,"hour":16,"minute":25},"nameShip":"FJ","cargo":{"typeCargo":"LIQUID","weight":68822},"unloadDuration":{"day":0,"hour":14,"minute":42}},{"arriveTime":{"day":5,"hour":19,"minute":47},"nameShip":"GBD","cargo":{"typeCargo":"CONTAINER","weight":2765},"unloadDuration":{"day":0,"hour":0,"minute":27}},{"arriveTime":{"day":7,"hour":5,"minute":10},"nameShip":"VRNO","cargo":{"typeCargo":"CONTAINER","weight":5839},"unloadDuration":{"day":0,"hour":0,"minute":58}},{"arriveTime":{"day":22,"hour":23,"minute":53},"nameShip":"DEBX","cargo":{"typeCargo":"CONTAINER","weight":3631},"unloadDuration":{"day":0,"hour":0,"minute":36}},{"arriveTime":{"day":28,"hour":1,"minute":25},"nameShip":"ZR","cargo":{"typeCargo":"CONTAINER","weight":5013},"unloadDuration":{"day":0,"hour":0,"minute":50}},{"arriveTime":{"day":11,"hour":3,"minute":36},"nameShip":"WVNT","cargo":{"typeCargo":"CONTAINER","weight":3985},"unloadDuration":{"day":0,"hour":0,"minute":40}},{"arriveTime":{"day":9,"hour":9,"minute":39},"nameShip":"GFSA","cargo":{"typeCargo":"LIQUID","weight":52280},"unloadDuration":{"day":0,"hour":11,"minute":10}},{"arriveTime":{"day":19,"hour":2,"minute":50},"nameShip":"GEA","cargo":{"typeCargo":"LIQUID","weight":67153},"unloadDuration":{"day":0,"hour":14,"minute":20}},{"arriveTime":{"day":2,"hour":14,"minute":48},"nameShip":"MF","cargo":{"typeCargo":"CONTAINER","weight":5645},"unloadDuration":{"day":0,"hour":0,"minute":57}},{"arriveTime":{"day":1,"hour":11,"minute":52},"nameShip":"QS","cargo":{"typeCargo":"CONTAINER","weight":4513},"unloadDuration":{"day":0,"hour":0,"minute":45}},{"arriveTime":{"day":8,"hour":5,"minute":1},"nameShip":"CUJU","cargo":{"typeCargo":"CONTAINER","weight":4811},"unloadDuration":{"day":0,"hour":0,"minute":48}},{"arriveTime":{"day":2,"hour":12,"minute":7},"nameShip":"BNBW","cargo":{"typeCargo":"LOOSE","weight":47902},"unloadDuration":{"day":0,"hour":12,"minute":16}},{"arriveTime":{"day":19,"hour":1,"minute":22},"nameShip":"MRD","cargo":{"typeCargo":"CONTAINER","weight":4279},"unloadDuration":{"day":0,"hour":0,"minute":43}},{"arriveTime":{"day":16,"hour":2,"minute":43},"nameShip":"DLIZ","cargo":{"typeCargo":"CONTAINER","weight":2561},"unloadDuration":{"day":0,"hour":0,"minute":25}},{"arriveTime":{"day":21,"hour":6,"minute":36},"nameShip":"ONML","cargo":{"typeCargo":"LOOSE","weight":44533},"unloadDuration":{"day":0,"hour":11,"minute":25}},{"arriveTime":{"day":29,"hour":10,"minute":50},"nameShip":"PHV","cargo":{"typeCargo":"LIQUID","weight":57977},"unloadDuration":{"day":0,"hour":12,"minute":23}},{"arriveTime":{"day":27,"hour":3,"minute":44},"nameShip":"IT","cargo":{"typeCargo":"CONTAINER","weight":3930},"unloadDuration":{"day":0,"hour":0,"minute":39}},{"arriveTime":{"day":25,"hour":10,"minute":25},"nameShip":"KKA","cargo":{"typeCargo":"LOOSE","weight":59582},"unloadDuration":{"day":0,"hour":15,"minute":16}},{"arriveTime":{"day":6,"hour":2,"minute":52},"nameShip":"RXFK","cargo":{"typeCargo":"CONTAINER","weight":2695},"unloadDuration":{"day":0,"hour":0,"minute":27}},{"arriveTime":{"day":8,"hour":6,"minute":1},"nameShip":"YFL","cargo":{"typeCargo":"LOOSE","weight":54162},"unloadDuration":{"day":0,"hour":13,"minute":53}},{"arriveTime":{"day":23,"hour":14,"minute":50},"nameShip":"VHB","cargo":{"typeCargo":"LOOSE","weight":41733},"unloadDuration":{"day":0,"hour":10,"minute":42}},{"arriveTime":{"day":26,"hour":13,"minute":8},"nameShip":"WGVG","cargo":{"typeCargo":"CONTAINER","weight":3204},"unloadDuration":{"day":0,"hour":0,"minute":32}},{"arriveTime":{"day":16,"hour":22,"minute":25},"nameShip":"RMER","cargo":{"typeCargo":"CONTAINER","weight":5831},"unloadDuration":{"day":0,"hour":0,"minute":58}},{"arriveTime":{"day":6,"hour":12,"minute":15},"nameShip":"FCED","cargo":{"typeCargo":"LIQUID","weight":60467},"unloadDuration":{"day":0,"hour":12,"minute":55}},{"arriveTime":{"day":17,"hour":6,"minute":34},"nameShip":"IFI","cargo":{"typeCargo":"LOOSE","weight":58029},"unloadDuration":{"day":0,"hour":14,"minute":52}},{"arriveTime":{"day":20,"hour":8,"minute":56},"nameShip":"VI","cargo":{"typeCargo":"LOOSE","weight":49716},"unloadDuration":{"day":0,"hour":12,"minute":44}},{"arriveTime":{"day":2,"hour":16,"minute":24},"nameShip":"QO","cargo":{"typeCargo":"CONTAINER","weight":5996},"unloadDuration":{"day":0,"hour":1,"minute":0}},{"arriveTime":{"day":24,"hour":9,"minute":26},"nameShip":"SAS","cargo":{"typeCargo":"LIQUID","weight":50049},"unloadDuration":{"day":0,"hour":10,"minute":41}},{"arriveTime":{"day":21,"hour":2,"minute":8},"nameShip":"ITI","cargo":{"typeCargo":"LIQUID","weight":69657},"unloadDuration":{"day":0,"hour":14,"minute":53}},{"arriveTime":{"day":23,"hour":14,"minute":11},"nameShip":"UKS","cargo":{"typeCargo":"LOOSE","weight":40495},"unloadDuration":{"day":0,"hour":10,"minute":23}},{"arriveTime":{"day":12,"hour":2,"minute":3},"nameShip":"IPQB","cargo":{"typeCargo":"CONTAINER","weight":2311},"unloadDuration":{"day":0,"hour":0,"minute":23}},{"arriveTime":{"day":13,"hour":15,"minute":34},"nameShip":"HUKU","cargo":{"typeCargo":"LOOSE","weight":59270},"unloadDuration":{"day":0,"hour":15,"minute":11}},{"arriveTime":{"day":28,"hour":12,"minute":48},"nameShip":"MXU","cargo":{"typeCargo":"LOOSE","weight":58485},"unloadDuration":{"day":0,"hour":14,"minute":59}},{"arriveTime":{"day":0,"hour":11,"minute":4},"nameShip":"VKL","cargo":{"typeCargo":"CONTAINER","weight":2872},"unloadDuration":{"day":0,"hour":0,"minute":29}},{"arriveTime":{"day":20,"hour":19,"minute":11},"nameShip":"TZI","cargo":{"typeCargo":"LIQUID","weight":67948},"unloadDuration":{"day":0,"hour":14,"minute":31}},{"arriveTime":{"day":0,"hour":12,"minute":23},"nameShip":"RLOC","cargo":{"typeCargo":"LOOSE","weight":41011},"unloadDuration":{"day":0,"hour":10,"minute":30}},{"arriveTime":{"day":15,"hour":23,"minute":47},"nameShip":"KKME","cargo":{"typeCargo":"CONTAINER","weight":2103},"unloadDuration":{"day":0,"hour":0,"minute":21}},{"arriveTime":{"day":1,"hour":14,"minute":29},"nameShip":"IF","cargo":{"typeCargo":"LOOSE","weight":50024},"unloadDuration":{"day":0,"hour":12,"minute":49}},{"arriveTime":{"day":9,"hour":21,"minute":47},"nameShip":"JWSP","cargo":{"typeCargo":"LOOSE","weight":50430},"unloadDuration":{"day":0,"hour":12,"minute":55}},{"arriveTime":{"day":5,"hour":5,"minute":33},"nameShip":"NFH","cargo":{"typeCargo":"CONTAINER","weight":5299},"unloadDuration":{"day":0,"hour":0,"minute":53}},{"arriveTime":{"day":1,"hour":11,"minute":11},"nameShip":"EEP","cargo":{"typeCargo":"LIQUID","weight":66188},"unloadDuration":{"day":0,"hour":14,"minute":8}},{"arriveTime":{"day":2,"hour":5,"minute":33},"nameShip":"UJB","cargo":{"typeCargo":"LOOSE","weight":55770},"unloadDuration":{"day":0,"hour":14,"minute":18}},{"arriveTime":{"day":27,"hour":17,"minute":56},"nameShip":"DEFC","cargo":{"typeCargo":"CONTAINER","weight":5901},"unloadDuration":{"day":0,"hour":0,"minute":59}},{"arriveTime":{"day":0,"hour":13,"minute":20},"nameShip":"UTP","cargo":{"typeCargo":"LOOSE","weight":49905},"unloadDuration":{"day":0,"hour":12,"minute":47}},{"arriveTime":{"day":15,"hour":23,"minute":52},"nameShip":"ZNT","cargo":{"typeCargo":"CONTAINER","weight":2010},"unloadDuration":{"day":0,"hour":0,"minute":20}},{"arriveTime":{"day":29,"hour":18,"minute":54},"nameShip":"JD","cargo":{"typeCargo":"LIQUID","weight":58446},"unloadDuration":{"day":0,"hour":12,"minute":29}},{"arriveTime":{"day":13,"hour":3,"minute":17},"nameShip":"WSZP","cargo":{"typeCargo":"LOOSE","weight":56509},"unloadDuration":{"day":0,"hour":14,"minute":29}},{"arriveTime":{"day":29,"hour":13,"minute":15},"nameShip":"UYEA","cargo":{"typeCargo":"CONTAINER","weight":3718},"unloadDuration":{"day":0,"hour":0,"minute":37}},{"arriveTime":{"day":23,"hour":5,"minute":20},"nameShip":"AI","cargo":{"typeCargo":"LIQUID","weight":59740},"unloadDuration":{"day":0,"hour":12,"minute":45}},{"arriveTime":{"day":5,"hour":21,"minute":11},"nameShip":"MFWZ","cargo":{"typeCargo":"LIQUID","weight":53907},"unloadDuration":{"day":0,"hour":11,"minute":31}},{"arriveTime":{"day":25,"hour":14,"minute":27},"nameShip":"LS","cargo":{"typeCargo":"CONTAINER","weight":2015},"unloadDuration":{"day":0,"hour":0,"minute":20}},{"arriveTime":{"day":28,"hour":11,"minute":17},"nameShip":"YOP","cargo":{"typeCargo":"CONTAINER","weight":2565},"unloadDuration":{"day":0,"hour":0,"minute":25}},{"arriveTime":{"day":20,"hour":8,"minute":25},"nameShip":"DU","cargo":{"typeCargo":"LOOSE","weight":49185},"unloadDuration":{"day":0,"hour":12,"minute":36}},{"arriveTime":{"day":29,"hour":21,"minute":28},"nameShip":"BPZW","cargo":{"typeCargo":"CONTAINER","weight":3716},"unloadDuration":{"day":0,"hour":0,"minute":37}},{"arriveTime":{"day":6,"hour":8,"minute":54},"nameShip":"GPQ","cargo":{"typeCargo":"LIQUID","weight":59419},"unloadDuration":{"day":0,"hour":12,"minute":41}},{"arriveTime":{"day":13,"hour":11,"minute":17},"nameShip":"ETTC","cargo":{"typeCargo":"CONTAINER","weight":2777},"unloadDuration":{"day":0,"hour":0,"minute":28}},{"arriveTime":{"day":18,"hour":3,"minute":18},"nameShip":"OFUK","cargo":{"typeCargo":"CONTAINER","weight":2945},"unloadDuration":{"day":0,"hour":0,"minute":29}},{"arriveTime":{"day":25,"hour":5,"minute":53},"nameShip":"RPIC","cargo":{"typeCargo":"LOOSE","weight":45551},"unloadDuration":{"day":0,"hour":11,"minute":40}},{"arriveTime":{"day":28,"hour":16,"minute":56},"nameShip":"CGHD","cargo":{"typeCargo":"LOOSE","weight":51595},"unloadDuration":{"day":0,"hour":13,"minute":13}},{"arriveTime":{"day":25,"hour":6,"minute":53},"nameShip":"VU","cargo":{"typeCargo":"LIQUID","weight":56703},"unloadDuration":{"day":0,"hour":12,"minute":6}},{"arriveTime":{"day":15,"hour":12,"minute":30},"nameShip":"AKXD","cargo":{"typeCargo":"CONTAINER","weight":4848},"unloadDuration":{"day":0,"hour":0,"minute":48}},{"arriveTime":{"day":29,"hour":1,"minute":0},"nameShip":"ZT","cargo":{"typeCargo":"LIQUID","weight":55217},"unloadDuration":{"day":0,"hour":11,"minute":47}},{"arriveTime":{"day":9,"hour":22,"minute":4},"nameShip":"QNFU","cargo":{"typeCargo":"LIQUID","weight":52935},"unloadDuration":{"day":0,"hour":11,"minute":18}},{"arriveTime":{"day":20,"hour":20,"minute":51},"nameShip":"HSEY","cargo":{"typeCargo":"LOOSE","weight":44235},"unloadDuration":{"day":0,"hour":11,"minute":20}},{"arriveTime":{"day":24,"hour":5,"minute":12},"nameShip":"CHVZ","cargo":{"typeCargo":"LOOSE","weight":49078},"unloadDuration":{"day":0,"hour":12,"minute":35}},{"arriveTime":{"day":0,"hour":4,"minute":7},"nameShip":"TQJ","cargo":{"typeCargo":"LOOSE","weight":50479},"unloadDuration":{"day":0,"hour":12,"minute":56}},{"arriveTime":{"day":25,"hour":8,"minute":56},"nameShip":"WFX","cargo":{"typeCargo":"LIQUID","weight":56160},"unloadDuration":{"day":0,"hour":12,"minute":0}},{"arriveTime":{"day":26,"hour":14,"minute":56},"nameShip":"HHA","cargo":{"typeCargo":"LIQUID","weight":54643},"unloadDuration":{"day":0,"hour":11,"minute":40}},{"arriveTime":{"day":13,"hour":22,"minute":6},"nameShip":"URKQ","cargo":{"typeCargo":"LIQUID","weight":66608},"unloadDuration":{"day":0,"hour":14,"minute":13}},{"arriveTime":{"day":19,"hour":9,"minute":24},"nameShip":"OHA","cargo":{"typeCargo":"LIQUID","weight":59414},"unloadDuration":{"day":0,"hour":12,"minute":41}},{"arriveTime":{"day":12,"hour":13,"minute":7},"nameShip":"UO","cargo":{"typeCargo":"CONTAINER","weight":2811},"unloadDuration":{"day":0,"hour":0,"minute":28}},{"arriveTime":{"day":17,"hour":21,"minute":54},"nameShip":"BY","cargo":{"typeCargo":"CONTAINER","weight":3864},"unloadDuration":{"day":0,"hour":0,"minute":39}},{"arriveTime":{"day":11,"hour":0,"minute":52},"nameShip":"HRBE","cargo":{"typeCargo":"LOOSE","weight":46860},"unloadDuration":{"day":0,"hour":12,"minute":0}},{"arriveTime":{"day":14,"hour":14,"minute":23},"nameShip":"WZ","cargo":{"typeCargo":"LIQUID","weight":54450},"unloadDuration":{"day":0,"hour":11,"minute":38}},{"arriveTime":{"day":6,"hour":4,"minute":46},"nameShip":"QZ","cargo":{"typeCargo":"LOOSE","weight":48127},"unloadDuration":{"day":0,"hour":12,"minute":20}},{"arriveTime":{"day":11,"hour":18,"minute":59},"nameShip":"QBG","cargo":{"typeCargo":"CONTAINER","weight":2018},"unloadDuration":{"day":0,"hour":0,"minute":20}},{"arriveTime":{"day":3,"hour":23,"minute":6},"nameShip":"WBSO","cargo":{"typeCargo":"LOOSE","weight":51099},"unloadDuration":{"day":0,"hour":13,"minute":6}},{"arriveTime":{"day":18,"hour":6,"minute":49},"nameShip":"ZYHQ","cargo":{"typeCargo":"LIQUID","weight":66375},"unloadDuration":{"day":0,"hour":14,"minute":10}},{"arriveTime":{"day":21,"hour":22,"minute":44},"nameShip":"LDP","cargo":{"typeCargo":"LOOSE","weight":56298},"unloadDuration":{"day":0,"hour":14,"minute":26}},{"arriveTime":{"day":24,"hour":2,"minute":18},"nameShip":"PPCW","cargo":{"typeCargo":"LIQUID","weight":67163},"unloadDuration":{"day":0,"hour":14,"minute":21}},{"arriveTime":{"day":11,"hour":23,"minute":22},"nameShip":"LLR","cargo":{"typeCargo":"CONTAINER","weight":4438},"unloadDuration":{"day":0,"hour":0,"minute":44}},{"arriveTime":{"day":24,"hour":23,"minute":25},"nameShip":"NR","cargo":{"typeCargo":"LOOSE","weight":43784},"unloadDuration":{"day":0,"hour":11,"minute":13}},{"arriveTime":{"day":3,"hour":7,"minute":16},"nameShip":"GMJM","cargo":{"typeCargo":"LIQUID","weight":57453},"unloadDuration":{"day":0,"hour":12,"minute":16}},{"arriveTime":{"day":7,"hour":6,"minute":49},"nameShip":"OY","cargo":{"typeCargo":"CONTAINER","weight":3158},"unloadDuration":{"day":0,"hour":0,"minute":31}},{"arriveTime":{"day":27,"hour":18,"minute":56},"nameShip":"VFH","cargo":{"typeCargo":"LOOSE","weight":47047},"unloadDuration":{"day":0,"hour":12,"minute":3}},{"arriveTime":{"day":21,"hour":19,"minute":9},"nameShip":"UMOT","cargo":{"typeCargo":"LOOSE","weight":54159},"unloadDuration":{"day":0,"hour":13,"minute":53}}]}